OBJECTID,wiregrass,GPSTime,DDLat,DDLong,Northing,Easting,Horiz_Veg,Site,Burn
1,n,8:55:16,31.263927,-84.469178,3464046.892,169633.102,20,Joseph_Road,Pre-Burn
2,n,8:56:56,31.263897,-84.469036,3464043.118,169646.576,45,Joseph_Road,Pre-Burn
3,n,9:04:38,31.263905,-84.468827,3464043.361,169666.497,35,Joseph_Road,Pre-Burn
4,n,9:05:48,31.263887,-84.468741,3464041.145,169674.61,40,Joseph_Road,Pre-Burn
5,n,9:07:01,31.263926,-84.468631,3464045.17,169685.243,55,Joseph_Road,Pre-Burn
6,n,9:08:30,31.263913,-84.46851,3464043.285,169696.667,45,Joseph_Road,Pre-Burn
7,n,9:11:13,31.263934,-84.468359,3464045.196,169711.18,65,Joseph_Road,Pre-Burn
8,n,9:12:46,31.263948,-84.468212,3464046.34,169725.234,25,Joseph_Road,Pre-Burn
9,n,9:14:28,31.263962,-84.467952,3464047.101,169750.064,25,Joseph_Road,Pre-Burn
10,n,9:17:31,31.263964,-84.467807,3464046.918,169763.838,100,Joseph_Road,Pre-Burn
11,n,9:19:18,31.263936,-84.467642,3464043.236,169779.511,100,Joseph_Road,Pre-Burn
12,n,Auto,31.263951,-84.467443,3464044.368,169798.469,100,Joseph_Road,Pre-Burn
13,n,Auto,31.263954,-84.467214,3464043.99,169820.385,100,Joseph_Road,Pre-Burn
14,n,Auto,31.263952,-84.467039,3464043.235,169837.011,100,Joseph_Road,Pre-Burn
15,n,9:24:28,31.263929,-84.466863,3464040.151,169853.683,40,Joseph_Road,Pre-Burn
16,n,9:25:23,31.263964,-84.466729,3464043.615,169866.548,20,Joseph_Road,Pre-Burn
17,n,9:26:24,31.263967,-84.466588,3464043.563,169880.038,30,Joseph_Road,Pre-Burn
18,n,9:27:54,31.263951,-84.466427,3464041.268,169895.291,25,Joseph_Road,Pre-Burn
19,n,9:29:27,31.263982,-84.466216,3464044.148,169915.576,10,Joseph_Road,Pre-Burn
20,n,9:30:35,31.263997,-84.465994,3464045.107,169936.756,60,Joseph_Road,Pre-Burn
21,n,9:31:59,31.263972,-84.46577,3464041.655,169958.037,60,Joseph_Road,Pre-Burn
22,n,9:33:16,31.264011,-84.465561,3464045.319,169978.002,45,Joseph_Road,Pre-Burn
23,n,9:35:35,31.264026,-84.465305,3464046.253,170002.46,45,Joseph_Road,Pre-Burn
24,n,9:37:13,31.263997,-84.465095,3464042.378,170022.379,50,Joseph_Road,Pre-Burn
25,n,9:38:47,31.264021,-84.464823,3464044.295,170048.442,65,Joseph_Road,Pre-Burn
26,n,9:39:54,31.264037,-84.464634,3464045.443,170066.424,77.5,Joseph_Road,Pre-Burn
27,n,9:41:09,31.263984,-84.464464,3464039.026,170082.441,55,Joseph_Road,Pre-Burn
28,n,9:42:15,31.264017,-84.46433,3464042.316,170095.36,77.5,Joseph_Road,Pre-Burn
29,n,9:44:02,31.264019,-84.464223,3464042.25,170105.566,35,Joseph_Road,Pre-Burn
30,n,9:45:06,31.264037,-84.464079,3464043.794,170119.305,5,Joseph_Road,Pre-Burn
31,n,9:52:58,31.263732,-84.464115,3464010.05,170114.863,45,Joseph_Road,Pre-Burn
32,n,9:54:16,31.263714,-84.464344,3464008.736,170092.928,70,Joseph_Road,Pre-Burn
33,n,9:54:56,31.263691,-84.464536,3464006.812,170074.62,70,Joseph_Road,Pre-Burn
34,n,9:56:16,31.263709,-84.46477,3464009.532,170052.34,70,Joseph_Road,Pre-Burn
35,n,9:58:02,31.263706,-84.465124,3464010.161,170018.603,70,Joseph_Road,Pre-Burn
36,n,9:59:16,31.263689,-84.465386,3464009.108,169993.603,47.5,Joseph_Road,Pre-Burn
37,n,10:00:20,31.263679,-84.465621,3464008.691,169971.213,45,Joseph_Road,Pre-Burn
38,n,10:01:43,31.263679,-84.465832,3464009.303,169951.035,70,Joseph_Road,Pre-Burn
39,n,10:03:06,31.263684,-84.46607,3464010.552,169928.392,45,Joseph_Road,Pre-Burn
40,n,10:04:30,31.263644,-84.466437,3464007.226,169893.258,35,Joseph_Road,Pre-Burn
41,n,10:05:49,31.26364,-84.466738,3464007.715,169864.604,30,Joseph_Road,Pre-Burn
42,n,10:07:10,31.263634,-84.466949,3464007.693,169844.483,55,Joseph_Road,Pre-Burn
43,n,10:08:42,31.263627,-84.467155,3464007.565,169824.787,60,Joseph_Road,Pre-Burn
44,n,10:11:03,31.263618,-84.467336,3464007.122,169807.526,60,Joseph_Road,Pre-Burn
45,n,10:12:38,31.263637,-84.467485,3464009.605,169793.394,5,Joseph_Road,Pre-Burn
46,n,10:13:54,31.263635,-84.46766,3464009.944,169776.751,15,Joseph_Road,Pre-Burn
47,n,10:14:55,31.263647,-84.467843,3464011.857,169759.369,40,Joseph_Road,Pre-Burn
48,n,10:16:04,31.263602,-84.468094,3464007.61,169735.29,45,Joseph_Road,Pre-Burn
49,n,10:17:05,31.263587,-84.468362,3464006.758,169709.686,10,Joseph_Road,Pre-Burn
50,n,10:18:10,31.263592,-84.468602,3464007.979,169686.793,45,Joseph_Road,Pre-Burn
51,y,10:19:25,31.263584,-84.468859,3464007.818,169662.302,25,Joseph_Road,Pre-Burn
52,n,10:20:32,31.263576,-84.469031,3464007.55,169645.909,15,Joseph_Road,Pre-Burn
53,y,10:35:09,31.263253,-84.46881,3463971.018,169665.861,15,Joseph_Road,Pre-Burn
54,y,10:36:21,31.263281,-84.468582,3463973.462,169687.653,25,Joseph_Road,Pre-Burn
55,y,10:42:41,31.263296,-84.468364,3463974.422,169708.493,55,Joseph_Road,Pre-Burn
56,y,10:43:57,31.2633,-84.468145,3463974.214,169729.326,10,Joseph_Road,Pre-Burn
57,y,10:45:59,31.263286,-84.467991,3463972.23,169743.986,5,Joseph_Road,Pre-Burn
58,y,10:46:56,31.263295,-84.467742,3463972.476,169767.735,15,Joseph_Road,Pre-Burn
59,n,10:48:02,31.263322,-84.46757,3463974.95,169784.231,15,Joseph_Road,Pre-Burn
60,n,10:49:46,31.263332,-84.467243,3463975.073,169815.444,30,Joseph_Road,Pre-Burn
61,y,10:52:09,31.263334,-84.466996,3463974.502,169838.961,15,Joseph_Road,Pre-Burn
62,y,10:53:59,31.263339,-84.466771,3463974.434,169860.426,20,Joseph_Road,Pre-Burn
63,y,10:54:54,31.263334,-84.466534,3463973.148,169883.017,20,Joseph_Road,Pre-Burn
64,y,10:56:16,31.263339,-84.466309,3463973.065,169904.443,25,Joseph_Road,Pre-Burn
65,y,10:57:26,31.263338,-84.466102,3463972.273,169924.187,35,Joseph_Road,Pre-Burn
66,n,10:59:18,31.263367,-84.465799,3463974.611,169953.16,40,Joseph_Road,Pre-Burn
67,n,11:00:25,31.263359,-84.46562,3463973.234,169970.129,40,Joseph_Road,Pre-Burn
68,n,11:02:14,31.263392,-84.465411,3463976.195,169990.205,45,Joseph_Road,Pre-Burn
69,y,11:03:40,31.263388,-84.46513,3463974.949,170016.892,55,Joseph_Road,Pre-Burn
70,y,11:05:12,31.263397,-84.464894,3463975.241,170039.462,25,Joseph_Road,Pre-Burn
71,n,11:09:01,31.263375,-84.464666,3463972.107,170061.138,35,Joseph_Road,Pre-Burn
72,n,11:11:17,31.263401,-84.464435,3463974.285,170083.239,80,Joseph_Road,Pre-Burn
73,n,11:12:42,31.263409,-84.464262,3463974.696,170099.703,5,Joseph_Road,Pre-Burn
74,n,11:14:24,31.263427,-84.464187,3463976.509,170106.888,25,Joseph_Road,Pre-Burn
75,n,11:15:16,31.26338,-84.464078,3463970.919,170117.192,15,Joseph_Road,Pre-Burn
76,n,11:22:13,31.262767,-84.464132,3463903.116,170109.858,35,Joseph_Road,Pre-Burn
77,n,11:23:56,31.262767,-84.464307,3463903.619,170093.17,55,Joseph_Road,Pre-Burn
78,y,11:25:09,31.262763,-84.464498,3463903.721,170074.969,20,Joseph_Road,Pre-Burn
79,y,11:26:31,31.262753,-84.464774,3463903.443,170048.636,25,Joseph_Road,Pre-Burn
80,y,11:27:57,31.262754,-84.465114,3463904.636,170016.231,30,Joseph_Road,Pre-Burn
81,y,11:28:48,31.262732,-84.465315,3463902.75,169997,25,Joseph_Road,Pre-Burn
82,y,11:30:28,31.262742,-84.4655,3463904.361,169979.42,15,Joseph_Road,Pre-Burn
83,y,11:31:24,31.262738,-84.465761,3463904.743,169954.5,15,Joseph_Road,Pre-Burn
84,y,11:32:33,31.26272,-84.466006,3463903.472,169931.186,20,Joseph_Road,Pre-Burn
85,y,11:33:26,31.26275,-84.466262,3463907.596,169906.841,25,Joseph_Road,Pre-Burn
86,y,11:39:59,31.262655,-84.466626,3463898.176,169871.839,15,Joseph_Road,Pre-Burn
87,y,11:41:04,31.262714,-84.46684,3463905.325,169851.689,40,Joseph_Road,Pre-Burn
88,y,11:42:15,31.262679,-84.467061,3463902.066,169830.518,25,Joseph_Road,Pre-Burn
89,y,11:44:00,31.26272,-84.467256,3463907.198,169812.065,30,Joseph_Road,Pre-Burn
90,y,11:45:35,31.262655,-84.467453,3463900.633,169793.079,25,Joseph_Road,Pre-Burn
91,y,11:47:37,31.262694,-84.467748,3463905.825,169765.092,15,Joseph_Road,Pre-Burn
92,n,11:48:42,31.262651,-84.468021,3463901.846,169738.91,0,Joseph_Road,Pre-Burn
93,n,11:49:20,31.262648,-84.468242,3463902.224,169717.811,0,Joseph_Road,Pre-Burn
94,y,11:50:48,31.262618,-84.468438,3463899.417,169699.016,0,Joseph_Road,Pre-Burn
95,y,12:18:52,31.257731,-84.464198,3463344.632,170086.056,5,Joseph_Road,Pre-Burn
96,y,12:19:51,31.258029,-84.464173,3463377.673,170089.436,5,Joseph_Road,Pre-Burn
97,y,12:21:00,31.258023,-84.464287,3463377.284,170078.552,10,Joseph_Road,Pre-Burn
98,y,12:23:51,31.258045,-84.464451,3463380.234,170063.05,5,Joseph_Road,Pre-Burn
99,y,12:27:43,31.25804,-84.464472,3463379.795,170061.02,5,Joseph_Road,Pre-Burn
100,y,12:29:23,31.258358,-84.464762,3463415.869,170034.455,5,Joseph_Road,Pre-Burn
101,y,12:33:54,31.25836,-84.464553,3463415.524,170054.407,35,Joseph_Road,Pre-Burn
102,y,12:36:51,31.258375,-84.464409,3463416.687,170068.146,10,Joseph_Road,Pre-Burn
103,y,12:37:45,31.258353,-84.464265,3463413.857,170081.813,30,Joseph_Road,Pre-Burn
104,y,12:42:26,31.258369,-84.464155,3463415.277,170092.376,0,Joseph_Road,Pre-Burn
105,y,13:40:54,31.259318,-84.46418,3463520.659,170093.293,0,Joseph_Road,Pre-Burn
106,y,13:41:36,31.259271,-84.464382,3463516.038,170073.852,5,Joseph_Road,Pre-Burn
107,y,13:42:14,31.259278,-84.464601,3463517.501,170053.036,20,Joseph_Road,Pre-Burn
108,y,13:42:53,31.259302,-84.464845,3463520.873,170029.877,20,Joseph_Road,Pre-Burn
109,y,13:43:48,31.259266,-84.46513,3463517.758,170002.525,25,Joseph_Road,Pre-Burn
110,y,13:44:47,31.259259,-84.465463,3463517.929,169970.813,5,Joseph_Road,Pre-Burn
111,y,13:45:57,31.259603,-84.465767,3463556.981,169943.084,5,Joseph_Road,Pre-Burn
112,y,13:46:56,31.259654,-84.465416,3463561.578,169976.68,25,Joseph_Road,Pre-Burn
113,y,13:52:51,31.259614,-84.465155,3463556.449,170001.389,12.5,Joseph_Road,Pre-Burn
114,y,13:53:51,31.259601,-84.464883,3463554.202,170027.278,25,Joseph_Road,Pre-Burn
115,y,13:54:57,31.259615,-84.464646,3463555.001,170049.909,20,Joseph_Road,Pre-Burn
116,y,13:55:48,31.259605,-84.464375,3463553.098,170075.653,20,Joseph_Road,Pre-Burn
117,n,13:56:43,31.259583,-84.464202,3463550.12,170092.08,10,Joseph_Road,Pre-Burn
118,n,13:57:43,31.259982,-84.464175,3463594.336,170096.071,0,Joseph_Road,Pre-Burn
119,y,13:58:54,31.259937,-84.464426,3463590.078,170071.997,10,Joseph_Road,Pre-Burn
120,y,13:59:51,31.259858,-84.46478,3463582.319,170038.023,10,Joseph_Road,Pre-Burn
121,y,14:00:57,31.259931,-84.465163,3463591.554,170001.741,20,Joseph_Road,Pre-Burn
122,y,14:02:19,31.259907,-84.46554,3463590.016,169965.747,15,Joseph_Road,Pre-Burn
123,y,14:13:56,31.25989,-84.465723,3463588.672,169948.191,15,Joseph_Road,Pre-Burn
124,y,14:21:32,31.259891,-84.466007,3463589.7,169921.166,10,Joseph_Road,Pre-Burn
125,y,14:22:58,31.260212,-84.466256,3463625.98,169898.607,5,Joseph_Road,Pre-Burn
126,y,14:29:57,31.260266,-84.465712,3463630.383,169950.578,15,Joseph_Road,Pre-Burn
127,y,14:32:12,31.26025,-84.465379,3463627.629,169982.31,35,Joseph_Road,Pre-Burn
128,y,14:33:12,31.260251,-84.465058,3463626.823,170012.857,5,Joseph_Road,Pre-Burn
129,y,14:34:02,31.260231,-84.464768,3463623.66,170040.469,25,Joseph_Road,Pre-Burn
130,y,14:34:42,31.260246,-84.464571,3463624.723,170059.278,15,Joseph_Road,Pre-Burn
131,y,14:35:36,31.260181,-84.464198,3463616.404,170094.602,5,Joseph_Road,Pre-Burn
132,n,15:05:50,31.261229,-84.464154,3463732.511,170102.402,5,Joseph_Road,Pre-Burn
133,n,15:07:11,31.261224,-84.464361,3463732.587,170082.697,20,Joseph_Road,Pre-Burn
134,y,15:08:20,31.261187,-84.464648,3463729.408,170055.159,10,Joseph_Road,Pre-Burn
135,y,15:09:54,31.261154,-84.464976,3463726.644,170023.815,25,Joseph_Road,Pre-Burn
136,y,15:10:47,31.261154,-84.465298,3463727.69,169993.142,25,Joseph_Road,Pre-Burn
137,y,15:15:50,31.261027,-84.465794,3463715.044,169945.462,25,Joseph_Road,Pre-Burn
138,y,15:17:09,31.261028,-84.466177,3463716.342,169908.916,20,Joseph_Road,Pre-Burn
139,y,15:18:13,31.261096,-84.466568,3463724.989,169871.94,45,Joseph_Road,Pre-Burn
140,y,15:19:32,31.261043,-84.466975,3463720.32,169832.929,35,Joseph_Road,Pre-Burn
141,y,15:20:17,31.260783,-84.466783,3463690.949,169850.344,35,Joseph_Road,Pre-Burn
142,y,15:32:20,31.260801,-84.466352,3463691.681,169891.438,5,Joseph_Road,Pre-Burn
143,y,15:33:22,31.260846,-84.466034,3463695.725,169921.899,15,Joseph_Road,Pre-Burn
144,y,15:46:23,31.260821,-84.46569,3463691.854,169954.661,15,Joseph_Road,Pre-Burn
145,y,15:47:17,31.260853,-84.465383,3463694.569,169983.986,25,Joseph_Road,Pre-Burn
146,y,15:51:33,31.260886,-84.465078,3463697.22,170013.176,25,Joseph_Road,Pre-Burn
147,y,15:52:27,31.260961,-84.464686,3463704.429,170050.745,10,Joseph_Road,Pre-Burn
148,y,15:53:36,31.261008,-84.464166,3463708.125,170100.517,15,Joseph_Road,Pre-Burn
149,y,16:58:55,31.262044,-84.467776,3463833.829,169760.139,5,Joseph_Road,Pre-Burn
150,y,17:00:17,31.26204,-84.46755,3463832.721,169781.667,5,Joseph_Road,Pre-Burn
151,y,17:01:18,31.26208,-84.467202,3463836.091,169814.915,10,Joseph_Road,Pre-Burn
152,y,17:02:15,31.262073,-84.466873,3463834.312,169846.268,10,Joseph_Road,Pre-Burn
153,y,17:03:26,31.262057,-84.46651,3463831.47,169880.788,35,Joseph_Road,Pre-Burn
154,y,17:08:06,31.262103,-84.466285,3463835.864,169902.438,25,Joseph_Road,Pre-Burn
155,y,17:09:01,31.262058,-84.466013,3463830.049,169928.128,25,Joseph_Road,Pre-Burn
156,y,17:10:08,31.262065,-84.465815,3463830.251,169947.084,40,Joseph_Road,Pre-Burn
157,y,17:11:30,31.262072,-84.465507,3463830.154,169976.408,30,Joseph_Road,Pre-Burn
158,y,17:12:39,31.262121,-84.465194,3463834.623,170006.415,35,Joseph_Road,Pre-Burn
159,y,17:13:59,31.26211,-84.464851,3463832.34,170039.073,35,Joseph_Road,Pre-Burn
160,y,17:15:27,31.262117,-84.464564,3463832.32,170066.424,20,Joseph_Road,Pre-Burn
161,y,17:16:26,31.262139,-84.464366,3463834.109,170085.415,10,Joseph_Road,Pre-Burn
162,n,17:18:02,31.26214,-84.464161,3463833.581,170104.876,45,Joseph_Road,Pre-Burn
163,n,17:19:01,31.261805,-84.46415,3463796.467,170104.773,10,Joseph_Road,Pre-Burn
164,n,17:20:03,31.261814,-84.464369,3463798.072,170083.985,15,Joseph_Road,Pre-Burn
165,y,17:21:01,31.261811,-84.464558,3463798.354,170065.899,20,Joseph_Road,Pre-Burn
166,y,17:22:03,31.261801,-84.464864,3463798.103,170036.762,20,Joseph_Road,Pre-Burn
167,y,17:23:04,31.261797,-84.465133,3463798.457,170011.065,15,Joseph_Road,Pre-Burn
168,y,17:38:49,31.26181,-84.465527,3463801.155,169973.595,15,Joseph_Road,Pre-Burn
169,y,17:39:48,31.261768,-84.465879,3463797.524,169939.968,20,Joseph_Road,Pre-Burn
170,y,17:42:46,31.261747,-84.466222,3463796.231,169907.145,25,Joseph_Road,Pre-Burn
171,y,17:43:28,31.261745,-84.466481,3463796.804,169882.496,25,Joseph_Road,Pre-Burn
172,y,17:44:20,31.261733,-84.466729,3463796.202,169858.803,15,Joseph_Road,Pre-Burn
173,y,17:45:33,31.261757,-84.46701,3463799.691,169832.119,10,Joseph_Road,Pre-Burn
174,y,18:00:08,31.261752,-84.467219,3463799.718,169812.23,10,Joseph_Road,Pre-Burn
175,y,18:00:50,31.261697,-84.467483,3463794.441,169786.87,10,Joseph_Road,Pre-Burn
176,y,8:24:46,31.289357,-84.462144,3466846.625,170391.927,15,2yr_rough,Pre-Burn
177,y,8:25:58,31.289308,-84.462365,3466841.774,170370.677,10,2yr_rough,Pre-Burn
178,y,8:26:49,31.289309,-84.462533,3466842.458,170354.67,25,2yr_rough,Pre-Burn
179,y,8:31:34,31.289301,-84.46268,3466841.998,170340.702,45,2yr_rough,Pre-Burn
180,y,8:32:30,31.289305,-84.462909,3466843.172,170318.871,40,2yr_rough,Pre-Burn
181,y,8:34:04,31.289939,-84.463,3466913.717,170312.433,25,2yr_rough,Pre-Burn
182,y,8:34:53,31.289941,-84.462779,3466913.255,170333.432,25,2yr_rough,Pre-Burn
183,y,8:36:01,31.289938,-84.46252,3466912.163,170358.149,55,2yr_rough,Pre-Burn
184,y,8:36:53,31.289976,-84.462298,3466915.699,170379.394,10,2yr_rough,Pre-Burn
185,y,9:08:52,31.289982,-84.462123,3466915.833,170396.136,20,2yr_rough,Pre-Burn
186,y,9:10:11,31.289972,-84.461644,3466913.297,170441.701,15,2yr_rough,Pre-Burn
187,y,9:21:17,31.290619,-84.461109,3466983.485,170494.929,25,2yr_rough,Pre-Burn
188,y,9:22:50,31.290608,-84.461507,3466983.44,170457.007,55,2yr_rough,Pre-Burn
189,y,9:27:39,31.290547,-84.461844,3466977.682,170424.629,40,2yr_rough,Pre-Burn
190,y,9:28:34,31.290587,-84.461996,3466982.611,170410.356,40,2yr_rough,Pre-Burn
191,y,9:52:22,31.290587,-84.462351,3466983.697,170376.457,30,2yr_rough,Pre-Burn
192,y,9:58:05,31.290568,-84.462698,3466982.644,170343.342,10,2yr_rough,Pre-Burn
193,y,9:59:00,31.290571,-84.463026,3466983.876,170312.108,10,2yr_rough,Pre-Burn
194,y,9:59:39,31.290564,-84.463123,3466983.433,170302.879,35,2yr_rough,Pre-Burn
195,y,10:05:28,31.291208,-84.463208,3467055.097,170297.059,50,2yr_rough,Pre-Burn
196,y,10:06:55,31.291227,-84.462834,3467056.145,170332.707,35,2yr_rough,Pre-Burn
197,y,10:08:09,31.29122,-84.462503,3467054.27,170364.254,55,2yr_rough,Pre-Burn
198,y,10:09:24,31.291222,-84.462202,3467053.608,170392.878,15,2yr_rough,Pre-Burn
199,y,10:10:49,31.291243,-84.461669,3467054.337,170443.75,25,2yr_rough,Pre-Burn
200,y,10:13:06,31.29127,-84.461107,3467055.74,170497.406,25,2yr_rough,Pre-Burn
201,y,10:14:44,31.291232,-84.460631,3467050.002,170542.596,20,2yr_rough,Pre-Burn
202,y,10:23:19,31.29191,-84.460186,3467123.889,170587.327,25,2yr_rough,Pre-Burn
203,y,10:24:14,31.291873,-84.460578,3467120.97,170549.91,25,2yr_rough,Pre-Burn
204,y,10:29:06,31.291845,-84.461025,3467119.232,170507.154,25,2yr_rough,Pre-Burn
205,y,10:35:04,31.291854,-84.461552,3467121.787,170457.035,25,2yr_rough,Pre-Burn
206,y,10:36:04,31.291846,-84.461897,3467121.971,170424.174,20,2yr_rough,Pre-Burn
207,y,10:36:55,31.291846,-84.462165,3467122.721,170398.572,45,2yr_rough,Pre-Burn
208,y,11:11:51,31.291899,-84.462389,3467129.346,170377.486,20,2yr_rough,Pre-Burn
209,y,11:14:34,31.291862,-84.462662,3467126.001,170351.291,50,2yr_rough,Pre-Burn
210,y,11:15:39,31.291837,-84.462888,3467123.868,170329.702,40,2yr_rough,Pre-Burn
211,y,11:16:31,31.291826,-84.463143,3467123.481,170305.385,40,2yr_rough,Pre-Burn
212,y,11:17:56,31.291799,-84.463544,3467121.708,170267.112,25,2yr_rough,Pre-Burn
213,n,11:20:01,31.292453,-84.463744,3467194.806,170250.331,0,2yr_rough,Pre-Burn
214,n,11:27:19,31.292456,-84.463393,3467194.143,170283.801,5,2yr_rough,Pre-Burn
215,y,11:41:02,31.292466,-84.46287,3467193.581,170333.634,15,2yr_rough,Pre-Burn
216,y,11:42:00,31.292494,-84.462625,3467195.97,170357.044,40,2yr_rough,Pre-Burn
217,y,11:46:40,31.292479,-84.462315,3467193.43,170386.516,40,2yr_rough,Pre-Burn
218,y,11:48:08,31.292496,-84.462034,3467194.446,170413.326,60,2yr_rough,Pre-Burn
219,y,11:49:40,31.292485,-84.461723,3467192.318,170442.935,10,2yr_rough,Pre-Burn
220,y,11:51:06,31.292509,-84.461438,3467194.137,170470.198,10,2yr_rough,Pre-Burn
221,y,11:52:18,31.292611,-84.461001,3467204.128,170512.171,45,2yr_rough,Pre-Burn
222,y,11:59:18,31.292591,-84.46071,3467201.013,170539.793,45,2yr_rough,Pre-Burn
223,y,12:00:49,31.292562,-84.460307,3467196.559,170578.084,35,2yr_rough,Pre-Burn
224,y,12:02:02,31.29252,-84.459967,3467190.957,170610.316,25,2yr_rough,Pre-Burn
225,y,12:04:10,31.292464,-84.45982,3467184.284,170624.163,5,2yr_rough,Pre-Burn
226,y,12:34:32,31.293827,-84.458923,3467332.775,170714.322,5,2yr_rough,Pre-Burn
227,y,12:35:17,31.29383,-84.459149,3467333.788,170692.798,15,2yr_rough,Pre-Burn
228,y,12:35:54,31.293753,-84.459392,3467326.026,170669.345,15,2yr_rough,Pre-Burn
229,y,12:36:43,31.293828,-84.459716,3467335.303,170638.815,15,2yr_rough,Pre-Burn
230,y,13:01:07,31.293792,-84.459994,3467332.085,170612.156,40,2yr_rough,Pre-Burn
231,y,13:01:44,31.293779,-84.460196,3467331.268,170592.89,40,2yr_rough,Pre-Burn
232,y,13:06:10,31.293097,-84.462977,3467264,170325.577,30,2yr_rough,Pre-Burn
233,y,13:11:28,31.293027,-84.462561,3467254.914,170365.004,30,2yr_rough,Pre-Burn
234,y,13:16:05,31.293076,-84.462245,3467259.379,170395.31,5,2yr_rough,Pre-Burn
235,y,13:17:35,31.293056,-84.461918,3467256.26,170426.379,15,2yr_rough,Pre-Burn
236,y,13:18:27,31.293141,-84.461663,3467264.872,170450.955,30,2yr_rough,Pre-Burn
237,y,13:19:36,31.29317,-84.461226,3467266.754,170492.708,30,2yr_rough,Pre-Burn
238,y,13:20:51,31.293134,-84.460866,3467261.742,170526.815,10,2yr_rough,Pre-Burn
239,y,13:25:56,31.293161,-84.460661,3467264.165,170546.456,25,2yr_rough,Pre-Burn
240,y,13:27:11,31.293187,-84.460437,3467266.366,170567.929,15,2yr_rough,Pre-Burn
241,y,13:37:31,31.293232,-84.460065,3467270.251,170603.463,25,2yr_rough,Pre-Burn
242,y,13:56:57,31.293197,-84.45989,3467265.824,170620.032,15,2yr_rough,Pre-Burn
243,y,14:01:22,31.293197,-84.459613,3467264.968,170646.43,40,2yr_rough,Pre-Burn
244,y,14:05:40,31.293155,-84.459305,3467259.45,170675.551,25,2yr_rough,Pre-Burn
245,y,14:13:06,31.299274,-84.455199,3467925.862,171087.989,5,1yr_rough,Pre-Burn
246,n,14:13:40,31.29923,-84.455046,3467920.482,171102.417,0,1yr_rough,Pre-Burn
247,n,14:15:02,31.298669,-84.455115,3467858.544,171093.915,5,1yr_rough,Pre-Burn
248,n,14:15:55,31.298649,-84.455396,3467857.163,171067.024,5,1yr_rough,Pre-Burn
249,n,14:19:12,31.298648,-84.45563,3467857.721,171044.811,5,1yr_rough,Pre-Burn
250,n,14:20:53,31.297994,-84.45596,3467786.123,171011.021,5,1yr_rough,Pre-Burn
251,n,14:31:16,31.297934,-84.45568,3467778.625,171037.506,20,1yr_rough,Pre-Burn
252,n,14:32:20,31.297987,-84.455394,3467783.732,171064.897,15,1yr_rough,Pre-Burn
253,n,14:33:16,31.298108,-84.455116,3467796.227,171091.831,15,1yr_rough,Pre-Burn
254,n,14:34:43,31.297392,-84.455102,3467716.834,171090.679,15,1yr_rough,Pre-Burn
255,n,14:38:03,31.297371,-84.455481,3467715.611,171054.528,10,1yr_rough,Pre-Burn
256,n,14:39:07,31.297294,-84.455902,3467708.293,171014.167,15,1yr_rough,Pre-Burn
257,n,14:47:13,31.297326,-84.456307,3467713.104,170975.68,15,1yr_rough,Pre-Burn
258,y,14:49:00,31.296705,-84.456409,3467644.564,170963.801,10,1yr_rough,Pre-Burn
259,y,15:01:32,31.29673,-84.456213,3467646.666,170982.582,10,1yr_rough,Pre-Burn
260,y,15:07:40,31.296773,-84.456031,3467650.974,171000.008,10,1yr_rough,Pre-Burn
261,y,15:26:20,31.296824,-84.455687,3467655.573,171032.947,15,1yr_rough,Pre-Burn
262,y,15:27:18,31.296788,-84.45532,3467650.488,171067.814,15,1yr_rough,Pre-Burn
263,y,15:31:36,31.296784,-84.454974,3467649.017,171100.735,15,1yr_rough,Pre-Burn
264,y,16:00:23,31.2961,-84.45678,3467578.485,170926.368,0,1yr_rough,Pre-Burn
265,y,16:01:51,31.296143,-84.456408,3467582.204,170961.901,10,1yr_rough,Pre-Burn
266,y,16:05:44,31.296179,-84.456179,3467585.475,170983.908,10,1yr_rough,Pre-Burn
267,y,16:07:44,31.29618,-84.455897,3467584.732,171010.785,10,1yr_rough,Pre-Burn
268,y,16:11:08,31.296179,-84.455689,3467583.973,171030.559,10,1yr_rough,Pre-Burn
269,y,16:17:04,31.296115,-84.455336,3467575.835,171063.946,10,1yr_rough,Pre-Burn
270,y,16:18:08,31.296187,-84.455009,3467582.911,171095.361,20,1yr_rough,Pre-Burn
271,y,16:29:29,31.295807,-84.455128,3467541.039,171082.666,15,1yr_rough,Pre-Burn
272,y,16:30:45,31.295817,-84.455501,3467543.349,171047.205,15,1yr_rough,Pre-Burn
273,y,16:35:20,31.295826,-84.45572,3467544.955,171026.403,15,1yr_rough,Pre-Burn
274,y,16:36:11,31.295815,-84.45601,3467544.651,170998.707,10,1yr_rough,Pre-Burn
275,y,16:41:58,31.295793,-84.456333,3467543.113,170967.84,20,1yr_rough,Pre-Burn
276,y,16:43:04,31.295839,-84.456704,3467549.379,170932.672,15,1yr_rough,Pre-Burn
277,y,16:47:21,31.295863,-84.456947,3467552.781,170909.586,5,1yr_rough,Pre-Burn
278,y,8:33:33,31.295115,-84.457582,3467471.703,170846.5,10,1yr_rough,Pre-Burn
279,y,8:34:28,31.29512,-84.457213,3467471.115,170881.704,20,1yr_rough,Pre-Burn
280,y,8:39:11,31.295215,-84.456726,3467480.144,170928.467,20,1yr_rough,Pre-Burn
281,y,8:40:08,31.295164,-84.456303,3467473.274,170968.569,20,1yr_rough,Pre-Burn
282,y,8:48:59,31.295206,-84.456067,3467477.173,170991.184,20,1yr_rough,Pre-Burn
283,y,8:50:07,31.295185,-84.455713,3467473.827,171024.802,20,1yr_rough,Pre-Burn
284,y,8:56:05,31.295187,-84.455407,3467473.093,171053.976,20,1yr_rough,Pre-Burn
285,n,9:01:14,31.29526,-84.455021,3467480.092,171090.973,20,1yr_rough,Pre-Burn
286,y,9:03:05,31.294533,-84.455052,3467399.569,171085.515,10,1yr_rough,Pre-Burn
287,y,9:06:48,31.294558,-84.45549,3467403.631,171043.888,15,1yr_rough,Pre-Burn
288,y,9:13:47,31.294531,-84.455829,3467401.594,171011.464,15,1yr_rough,Pre-Burn
289,y,9:17:41,31.294495,-84.456124,3467398.504,170983.284,15,1yr_rough,Pre-Burn
290,y,9:24:00,31.294453,-84.456578,3467395.219,170939.887,15,1yr_rough,Pre-Burn
291,y,9:34:41,31.294445,-84.456823,3467395.022,170916.494,15,1yr_rough,Pre-Burn
292,y,9:42:33,31.294509,-84.457154,3467403.143,170885.242,20,1yr_rough,Pre-Burn
293,y,9:43:19,31.294501,-84.457503,3467403.292,170851.936,5,1yr_rough,Pre-Burn
294,y,10:03:16,31.2939,-84.456605,3467333.911,170935.391,5,1yr_rough,Pre-Burn
295,y,10:09:16,31.293902,-84.456195,3467333.002,170974.418,15,1yr_rough,Pre-Burn
296,y,10:18:44,31.29394,-84.455931,3467336.35,170999.684,10,1yr_rough,Pre-Burn
297,y,10:29:30,31.29396,-84.455683,3467337.832,171023.423,15,1yr_rough,Pre-Burn
298,n,10:52:05,31.293969,-84.455394,3467337.977,171050.916,10,1yr_rough,Pre-Burn
299,n,10:57:42,31.293932,-84.455071,3467332.957,171081.615,0,1yr_rough,Pre-Burn
300,n,10:59:11,31.293249,-84.455091,3467257.242,171077.297,5,1yr_rough,Pre-Burn
301,y,11:06:55,31.293282,-84.45538,3467261.737,171049.91,20,1yr_rough,Pre-Burn
302,y,11:07:34,31.293255,-84.455623,3467259.433,171026.637,20,1yr_rough,Pre-Burn
303,y,11:08:06,31.293225,-84.45582,3467256.784,171007.791,25,1yr_rough,Pre-Burn
304,y,11:09:27,31.292688,-84.455369,3467195.866,171048.925,10,1yr_rough,Pre-Burn
305,y,11:10:14,31.292756,-84.455108,3467202.565,171073.938,15,1yr_rough,Pre-Burn
306,y,11:58:38,31.255598,-84.378203,3462853.907,178273.027,15,Fourth_of_July_Block,Pre-Burn
307,y,11:59:27,31.255612,-84.378462,3462856.244,178248.361,20,Fourth_of_July_Block,Pre-Burn
308,y,12:00:16,31.255567,-84.378849,3462852.331,178211.309,10,Fourth_of_July_Block,Pre-Burn
309,y,12:02:31,31.255527,-84.379213,3462848.963,178176.513,10,Fourth_of_July_Block,Pre-Burn
310,y,12:03:14,31.255549,-84.37952,3462852.282,178147.382,5,Fourth_of_July_Block,Pre-Burn
311,y,12:04:17,31.255534,-84.380009,3462852.048,178100.712,15,Fourth_of_July_Block,Pre-Burn
312,y,12:13:48,31.25553,-84.380277,3462852.403,178075.105,15,Fourth_of_July_Block,Pre-Burn
313,y,12:18:36,31.255496,-84.380576,3462849.521,178046.558,20,Fourth_of_July_Block,Pre-Burn
314,n,12:19:43,31.255541,-84.381001,3462855.737,178006.211,35,Fourth_of_July_Block,Pre-Burn
315,n,12:26:58,31.255468,-84.381387,3462848.737,177969.22,5,Fourth_of_July_Block,Pre-Burn
316,n,12:27:53,31.255425,-84.381788,3462845.141,177930.813,5,Fourth_of_July_Block,Pre-Burn
317,n,12:28:56,31.255443,-84.382333,3462848.741,177878.947,15,Fourth_of_July_Block,Pre-Burn
318,n,12:29:57,31.255464,-84.382763,3462852.324,177838.069,15,Fourth_of_July_Block,Pre-Burn
319,y,12:33:23,31.255419,-84.383312,3462848.973,177785.58,10,Fourth_of_July_Block,Pre-Burn
320,y,12:34:59,31.255358,-84.383766,3462843.563,177742.126,10,Fourth_of_July_Block,Pre-Burn
321,y,12:35:47,31.255439,-84.384026,3462853.319,177717.572,10,Fourth_of_July_Block,Pre-Burn
322,y,12:36:52,31.255491,-84.384357,3462860.008,177686.267,15,Fourth_of_July_Block,Pre-Burn
323,y,12:40:01,31.255493,-84.384672,3462861.142,177656.232,10,Fourth_of_July_Block,Pre-Burn
324,y,12:40:57,31.255514,-84.385044,3462864.516,177620.856,5,Fourth_of_July_Block,Pre-Burn
325,y,12:58:10,31.256062,-84.384541,3462923.832,177670.631,20,Fourth_of_July_Block,Pre-Burn
326,y,12:59:21,31.256068,-84.384098,3462923.291,177712.87,20,Fourth_of_July_Block,Pre-Burn
327,y,13:00:14,31.256101,-84.383759,3462925.887,177745.256,20,Fourth_of_July_Block,Pre-Burn
328,y,13:03:14,31.256071,-84.383341,3462921.342,177785.037,20,Fourth_of_July_Block,Pre-Burn
329,y,13:05:12,31.256067,-84.382772,3462919.302,177839.191,20,Fourth_of_July_Block,Pre-Burn
330,y,13:06:40,31.256163,-84.38199,3462927.627,177914.032,15,Fourth_of_July_Block,Pre-Burn
331,y,13:10:27,31.256135,-84.381426,3462922.904,177967.766,25,Fourth_of_July_Block,Pre-Burn
332,y,13:11:25,31.256142,-84.38099,3462922.341,178009.267,35,Fourth_of_July_Block,Pre-Burn
333,y,13:12:42,31.256128,-84.380352,3462918.995,178070.027,35,Fourth_of_July_Block,Pre-Burn
334,y,13:17:19,31.256141,-84.379599,3462918.231,178141.826,25,Fourth_of_July_Block,Pre-Burn
335,y,13:20:41,31.256167,-84.379152,3462919.749,178184.475,10,Fourth_of_July_Block,Pre-Burn
336,y,13:21:52,31.256172,-84.378571,3462918.582,178239.897,20,Fourth_of_July_Block,Pre-Burn
337,y,13:22:43,31.256194,-84.378218,3462920.04,178273.642,20,Fourth_of_July_Block,Pre-Burn
338,y,13:26:10,31.254963,-84.378175,3462783.357,178273.521,5,Fourth_of_July_Block,Pre-Burn
339,y,13:27:03,31.254994,-84.378648,3462788.239,178228.539,10,Fourth_of_July_Block,Pre-Burn
340,y,13:30:24,31.254935,-84.378961,3462782.615,178198.517,20,Fourth_of_July_Block,Pre-Burn
341,y,13:31:20,31.254966,-84.379355,3462787.098,178161.075,10,Fourth_of_July_Block,Pre-Burn
342,y,13:32:35,31.254935,-84.379856,3462785.179,178113.291,10,Fourth_of_July_Block,Pre-Burn
343,y,16:48:14,31.258136,-84.378091,3463135.077,178292.321,15,Fourth_of_July_Block,Pre-Burn
344,y,16:49:00,31.258077,-84.378409,3463129.408,178261.845,15,Fourth_of_July_Block,Pre-Burn
345,y,16:49:47,31.258117,-84.378717,3463134.819,178232.601,15,Fourth_of_July_Block,Pre-Burn
346,y,16:53:08,31.258117,-84.379037,3463135.739,178202.061,15,Fourth_of_July_Block,Pre-Burn
347,y,16:53:44,31.258086,-84.379312,3463133.067,178175.759,15,Fourth_of_July_Block,Pre-Burn
348,y,16:54:22,31.258107,-84.379681,3463136.495,178140.661,15,Fourth_of_July_Block,Pre-Burn
349,y,16:54:49,31.258075,-84.379896,3463133.588,178120.109,15,Fourth_of_July_Block,Pre-Burn
350,y,16:55:27,31.258057,-84.380179,3463132.446,178093.072,10,Fourth_of_July_Block,Pre-Burn
351,y,16:56:09,31.258066,-84.380492,3463134.271,178063.254,10,Fourth_of_July_Block,Pre-Burn
352,y,17:11:50,31.258097,-84.380764,3463138.592,178037.44,15,Fourth_of_July_Block,Pre-Burn
353,y,17:15:11,31.258005,-84.381104,3463129.353,178004.726,15,Fourth_of_July_Block,Pre-Burn
354,y,17:16:50,31.258049,-84.381559,3463135.588,177961.597,45,Fourth_of_July_Block,Pre-Burn
355,y,17:17:56,31.258004,-84.382095,3463132.136,177910.327,12.5,Fourth_of_July_Block,Pre-Burn
356,y,17:22:53,31.258043,-84.382436,3463137.401,177877.997,10,Fourth_of_July_Block,Pre-Burn
357,y,17:26:52,31.258053,-84.382996,3463140.147,177824.601,10,Fourth_of_July_Block,Pre-Burn
358,y,17:27:51,31.257974,-84.383382,3463132.513,177787.639,10,Fourth_of_July_Block,Pre-Burn
359,y,17:28:20,31.257979,-84.383496,3463133.399,177776.797,50,Fourth_of_July_Block,Pre-Burn
360,y,17:29:41,31.258648,-84.383464,3463207.606,177782.046,5,Fourth_of_July_Block,Pre-Burn
361,y,17:30:41,31.258577,-84.383125,3463198.652,177814.158,25,Fourth_of_July_Block,Pre-Burn
362,y,17:31:27,31.25861,-84.382772,3463201.28,177847.868,10,Fourth_of_July_Block,Pre-Burn
363,y,17:32:04,31.258649,-84.382454,3463204.699,177878.353,10,Fourth_of_July_Block,Pre-Burn
364,y,17:46:38,31.25859,-84.381647,3463195.798,177955.011,10,Fourth_of_July_Block,Pre-Burn
365,y,17:49:52,31.258637,-84.381186,3463199.696,177999.07,10,Fourth_of_July_Block,Pre-Burn
366,y,17:51:05,31.258672,-84.380719,3463202.257,178043.696,10,Fourth_of_July_Block,Pre-Burn
367,y,17:57:03,31.258652,-84.380355,3463198.935,178078.335,25,Fourth_of_July_Block,Pre-Burn
368,y,17:58:35,31.258709,-84.379919,3463203.996,178120.089,25,Fourth_of_July_Block,Pre-Burn
369,y,17:59:42,31.258718,-84.379433,3463203.555,178166.409,25,Fourth_of_July_Block,Pre-Burn
370,y,18:03:53,31.258751,-84.378834,3463205.422,178223.589,25,Fourth_of_July_Block,Pre-Burn
371,y,18:04:55,31.258742,-84.378386,3463203.127,178266.291,40,Fourth_of_July_Block,Pre-Burn
372,y,18:05:37,31.25875,-84.378086,3463203.132,178294.87,40,Fourth_of_July_Block,Pre-Burn
373,y,16:32:28,31.256817,-84.378191,3462989.105,178278.253,5,Fourth_of_July_Block,Pre-Burn
374,y,16:33:35,31.256803,-84.378614,3462988.727,178237.957,5,Fourth_of_July_Block,Pre-Burn
375,y,16:34:25,31.25682,-84.378971,3462991.671,178204.022,15,Fourth_of_July_Block,Pre-Burn
376,y,16:36:19,31.256801,-84.379397,3462990.83,178163.294,15,Fourth_of_July_Block,Pre-Burn
377,y,16:37:26,31.256812,-84.379956,3462993.69,178110.099,15,Fourth_of_July_Block,Pre-Burn
378,y,16:41:23,31.256791,-84.380362,3462992.549,178071.361,5,Fourth_of_July_Block,Pre-Burn
379,y,16:42:25,31.256777,-84.380757,3462992.115,178033.663,10,Fourth_of_July_Block,Pre-Burn
380,y,16:45:30,31.256738,-84.381344,3462989.509,177977.589,25,Fourth_of_July_Block,Pre-Burn
381,y,16:46:26,31.256691,-84.381745,3462985.519,177939.226,20,Fourth_of_July_Block,Pre-Burn
382,y,16:50:51,31.256748,-84.382355,3462993.591,177881.273,20,Fourth_of_July_Block,Pre-Burn
383,y,16:51:52,31.256797,-84.382791,3463000.31,177839.948,20,Fourth_of_July_Block,Pre-Burn
384,y,16:53:53,31.25672,-84.383287,3462993.171,177792.386,20,Fourth_of_July_Block,Pre-Burn
385,y,16:55:06,31.256677,-84.38366,3462989.512,177756.661,20,Fourth_of_July_Block,Pre-Burn
386,n,16:57:58,31.257353,-84.383494,3463064.032,177774.845,60,Fourth_of_July_Block,Pre-Burn
387,n,16:59:24,31.257314,-84.383144,3463058.62,177808.053,60,Fourth_of_July_Block,Pre-Burn
388,y,17:01:06,31.257323,-84.382752,3463058.479,177845.405,10,Fourth_of_July_Block,Pre-Burn
389,y,17:07:17,31.257387,-84.382107,3463063.757,177907.064,20,Fourth_of_July_Block,Pre-Burn
390,y,17:08:14,31.257409,-84.381676,3463064.887,177948.219,20,Fourth_of_July_Block,Pre-Burn
391,y,17:09:21,31.257388,-84.38134,3463061.618,177980.142,25,Fourth_of_July_Block,Pre-Burn
392,y,17:10:21,31.257364,-84.380925,3463057.708,178019.687,25,Fourth_of_July_Block,Pre-Burn
393,y,17:24:42,31.257439,-84.380603,3463065.107,178050.624,15,Fourth_of_July_Block,Pre-Burn
394,y,17:27:22,31.257457,-84.380299,3463066.202,178079.616,25,Fourth_of_July_Block,Pre-Burn
395,n,17:28:23,31.257394,-84.379827,3463057.834,178124.366,5,Fourth_of_July_Block,Pre-Burn
396,n,17:35:22,31.25755,-84.37916,3463073.197,178188.438,5,Fourth_of_July_Block,Pre-Burn
397,y,17:36:15,31.257565,-84.378742,3463073.693,178228.325,5,Fourth_of_July_Block,Pre-Burn
398,y,17:39:14,31.25749,-84.378392,3463064.297,178261.427,15,Fourth_of_July_Block,Pre-Burn
399,y,17:39:51,31.257364,-84.378155,3463049.588,178283.614,25,Fourth_of_July_Block,Pre-Burn
400,n,17:46:48,31.259998,-84.37803,3463341.46,178304.439,0,Fourth_of_July_Block,Pre-Burn
401,y,17:54:56,31.260006,-84.378526,3463343.783,178257.234,15,Fourth_of_July_Block,Pre-Burn
402,y,17:55:46,31.259945,-84.378908,3463338.103,178220.602,10,Fourth_of_July_Block,Pre-Burn
403,y,17:56:26,31.259973,-84.379275,3463342.32,178185.737,10,Fourth_of_July_Block,Pre-Burn
404,y,17:57:30,31.259968,-84.379739,3463343.085,178141.465,10,Fourth_of_July_Block,Pre-Burn
405,y,18:01:19,31.259979,-84.380135,3463345.486,178103.769,10,Fourth_of_July_Block,Pre-Burn
406,y,18:06:02,31.259936,-84.380898,3463342.92,178030.929,10,Fourth_of_July_Block,Pre-Burn
407,n,18:10:27,31.25997,-84.381226,3463347.609,177999.822,45,Fourth_of_July_Block,Pre-Burn
408,y,12:43:05,31.26231,-84.468019,3463864.031,169737.936,10,Joseph_Road,Post-Burn
409,y,12:44:39,31.262393,-84.467427,3463871.499,169794.597,15,Joseph_Road,Post-Burn
410,y,12:46:12,31.262405,-84.466718,3463870.725,169862.238,20,Joseph_Road,Post-Burn
411,y,12:47:30,31.2624,-84.466177,3463868.509,169913.695,20,Joseph_Road,Post-Burn
412,y,12:51:04,31.262421,-84.464933,3463867.129,170032.37,10,Joseph_Road,Post-Burn
413,y,12:52:46,31.262432,-84.46435,3463866.593,170087.891,10,Joseph_Road,Post-Burn
414,y,12:53:20,31.262422,-84.464183,3463864.932,170103.804,10,Joseph_Road,Post-Burn
415,y,12:55:08,31.262147,-84.464346,3463834.954,170087.3,10,Joseph_Road,Post-Burn
416,y,12:56:24,31.262132,-84.464909,3463835.011,170033.633,15,Joseph_Road,Post-Burn
417,y,12:59:07,31.2621,-84.465912,3463834.478,169937.977,15,Joseph_Road,Post-Burn
418,y,13:02:13,31.261993,-84.466944,3463825.665,169839.274,15,Joseph_Road,Post-Burn
419,y,13:04:16,31.262058,-84.467802,3463835.441,169757.709,15,Joseph_Road,Post-Burn
420,y,13:05:19,31.261718,-84.467502,3463796.798,169785.06,5,Joseph_Road,Post-Burn
421,y,13:08:08,31.261739,-84.466426,3463795.957,169887.729,20,Joseph_Road,Post-Burn
422,y,13:08:51,31.261791,-84.466194,3463800.945,169909.967,25,Joseph_Road,Post-Burn
423,y,13:19:17,31.26183,-84.464598,3463800.511,170062.238,35,Joseph_Road,Post-Burn
424,y,13:20:27,31.261802,-84.464172,3463796.148,170102.728,10,Joseph_Road,Post-Burn
425,y,13:22:31,31.261519,-84.46437,3463765.412,170082.833,5,Joseph_Road,Post-Burn
426,y,13:24:08,31.261475,-84.465058,3463762.54,170017.17,15,Joseph_Road,Post-Burn
427,y,13:25:32,31.261448,-84.465671,3463761.425,169958.647,5,Joseph_Road,Post-Burn
428,y,13:27:10,31.261405,-84.466582,3463759.329,169871.691,15,Joseph_Road,Post-Burn
429,y,13:28:16,31.261389,-84.467155,3463759.321,169816.992,10,Joseph_Road,Post-Burn
430,y,13:29:28,31.261041,-84.466965,3463720.123,169833.873,10,Joseph_Road,Post-Burn
431,y,13:30:49,31.261124,-84.466427,3463727.764,169885.425,20,Joseph_Road,Post-Burn
432,y,13:34:12,31.261175,-84.465718,3463731.205,169953.148,10,Joseph_Road,Post-Burn
433,y,13:36:26,31.261207,-84.46474,3463731.878,170046.485,20,Joseph_Road,Post-Burn
434,y,13:38:01,31.261248,-84.464175,3463734.744,170100.469,15,Joseph_Road,Post-Burn
435,y,13:39:04,31.260813,-84.464191,3463686.476,170097.421,10,Joseph_Road,Post-Burn
436,y,13:40:48,31.260846,-84.465008,3463692.641,170019.733,15,Joseph_Road,Post-Burn
437,y,13:43:32,31.260843,-84.465911,3463694.975,169933.664,15,Joseph_Road,Post-Burn
438,y,13:46:55,31.260702,-84.466707,3463681.762,169857.336,25,Joseph_Road,Post-Burn
439,y,6:54:03,31.257716,-84.46421,3463343.047,170084.822,10,Joseph_Road,Post-Burn
440,y,6:54:50,31.258031,-84.464174,3463377.829,170089.39,5,Joseph_Road,Post-Burn
441,y,6:55:57,31.257998,-84.464411,3463374.907,170066.64,5,Joseph_Road,Post-Burn
442,y,6:57:14,31.258372,-84.464719,3463417.358,170038.59,10,Joseph_Road,Post-Burn
443,y,6:59:28,31.258335,-84.464152,3463411.526,170092.5,5,Joseph_Road,Post-Burn
444,y,7:00:21,31.258688,-84.464188,3463450.824,170090.343,10,Joseph_Road,Post-Burn
445,y,7:02:17,31.25867,-84.464518,3463449.73,170058.836,10,Joseph_Road,Post-Burn
446,y,7:04:28,31.258643,-84.464957,3463448.057,170016.926,5,Joseph_Road,Post-Burn
447,y,7:05:19,31.258967,-84.465222,3463484.793,169992.799,5,Joseph_Road,Post-Burn
448,y,7:07:02,31.258976,-84.464731,3463484.398,170039.595,10,Joseph_Road,Post-Burn
449,y,7:08:13,31.258961,-84.464179,3463481.082,170092.098,15,Joseph_Road,Post-Burn
450,y,7:09:13,31.259336,-84.464238,3463522.837,170087.777,15,Joseph_Road,Post-Burn
451,y,7:10:38,31.259243,-84.464823,3463514.269,170031.77,10,Joseph_Road,Post-Burn
452,y,7:11:27,31.259242,-84.465149,3463515.106,170000.66,15,Joseph_Road,Post-Burn
453,y,7:12:15,31.259239,-84.465454,3463515.736,169971.634,5,Joseph_Road,Post-Burn
454,y,7:13:21,31.259603,-84.465769,3463556.994,169942.882,10,Joseph_Road,Post-Burn
455,y,7:14:34,31.259578,-84.465291,3463552.788,169988.292,15,Joseph_Road,Post-Burn
456,y,7:15:45,31.259611,-84.464782,3463554.93,170036.942,15,Joseph_Road,Post-Burn
457,y,7:17:38,31.259576,-84.464415,3463549.992,170071.811,15,Joseph_Road,Post-Burn
458,y,7:18:22,31.259639,-84.464194,3463556.269,170093.105,15,Joseph_Road,Post-Burn
459,y,7:19:17,31.259971,-84.464175,3463593.091,170096.002,5,Joseph_Road,Post-Burn
460,y,7:20:59,31.259891,-84.464809,3463586.14,170035.381,20,Joseph_Road,Post-Burn
461,y,7:22:13,31.259877,-84.46536,3463586.152,169982.741,15,Joseph_Road,Post-Burn
462,y,7:25:25,31.259899,-84.465803,3463589.934,169940.644,20,Joseph_Road,Post-Burn
463,y,7:26:07,31.25989,-84.466008,3463589.558,169921.11,15,Joseph_Road,Post-Burn
464,y,7:27:25,31.260223,-84.466269,3463627.303,169897.352,10,Joseph_Road,Post-Burn
465,y,7:30:37,31.260234,-84.465491,3463626.171,169971.536,15,Joseph_Road,Post-Burn
466,y,7:31:43,31.260197,-84.465019,3463620.707,170016.381,15,Joseph_Road,Post-Burn
467,y,7:32:40,31.260223,-84.464618,3463622.308,170054.658,10,Joseph_Road,Post-Burn
468,y,7:33:17,31.260225,-84.46439,3463621.915,170076.412,15,Joseph_Road,Post-Burn
469,y,7:38:16,31.260201,-84.464218,3463618.709,170092.744,15,Joseph_Road,Post-Burn
470,y,7:40:56,31.260591,-84.464162,3463661.801,170099.47,5,Joseph_Road,Post-Burn
471,y,7:42:03,31.260563,-84.464672,3463660.226,170050.733,15,Joseph_Road,Post-Burn
472,y,7:44:29,31.260489,-84.465488,3463654.437,169972.702,15,Joseph_Road,Post-Burn
473,y,7:45:34,31.260501,-84.465982,3463657.24,169925.724,10,Joseph_Road,Post-Burn
474,y,7:48:12,31.2605,-84.466482,3463658.713,169878.038,10,Joseph_Road,Post-Burn
475,y,7:54:03,31.262724,-84.468427,3463911.224,169700.436,10,Joseph_Road,Post-Burn
476,y,7:55:55,31.262677,-84.467783,3463904.048,169761.711,25,Joseph_Road,Post-Burn
477,y,7:57:58,31.262744,-84.466973,3463909.076,169839.044,20,Joseph_Road,Post-Burn
478,y,8:00:20,31.262707,-84.465922,3463901.824,169939.08,20,Joseph_Road,Post-Burn
479,y,8:01:46,31.262725,-84.465361,3463902.097,169992.58,35,Joseph_Road,Post-Burn
480,y,8:03:28,31.262723,-84.464603,3463899.568,170064.848,25,Joseph_Road,Post-Burn
481,y,8:04:24,31.262752,-84.464321,3463901.944,170091.787,25,Joseph_Road,Post-Burn
482,y,8:05:21,31.263099,-84.46456,3463941.233,170070.266,25,Joseph_Road,Post-Burn
483,y,8:06:53,31.263038,-84.465309,3463936.679,169998.689,40,Joseph_Road,Post-Burn
484,y,8:10:53,31.263017,-84.466366,3463937.523,169897.831,55,Joseph_Road,Post-Burn
485,y,8:12:46,31.263021,-84.466927,3463939.582,169844.434,20,Joseph_Road,Post-Burn
486,y,8:14:12,31.262987,-84.467255,3463936.815,169813.069,20,Joseph_Road,Post-Burn
487,y,8:15:37,31.262979,-84.467973,3463938.085,169744.612,25,Joseph_Road,Post-Burn
488,y,8:17:02,31.262964,-84.46857,3463938.245,169687.728,10,Joseph_Road,Post-Burn
489,y,8:18:12,31.263323,-84.468803,3463978.74,169666.691,15,Joseph_Road,Post-Burn
490,y,8:19:57,31.263338,-84.468241,3463978.764,169720.296,25,Joseph_Road,Post-Burn
491,y,8:21:20,31.263308,-84.467544,3463973.302,169786.61,25,Joseph_Road,Post-Burn
492,y,8:22:12,31.263348,-84.467238,3463976.79,169815.918,15,Joseph_Road,Post-Burn
493,y,8:23:43,31.263686,-84.467778,3464015.893,169765.659,15,Joseph_Road,Post-Burn
494,y,8:24:56,31.263582,-84.468433,3464006.343,169702.898,15,Joseph_Road,Post-Burn
495,y,8:26:08,31.263586,-84.469009,3464008.586,169648,20,Joseph_Road,Post-Burn
496,y,8:27:02,31.26392,-84.469189,3464046.182,169632.023,10,Joseph_Road,Post-Burn
497,y,8:28:54,31.263947,-84.468553,3464047.234,169692.735,15,Joseph_Road,Post-Burn
498,y,8:30:06,31.263941,-84.468166,3464045.344,169729.566,30,Joseph_Road,Post-Burn
499,y,17:03:02,31.256863,-84.378163,3462994.138,178281.129,0,Fourth_July_Block,Post-Burn
500,y,17:04:00,31.256849,-84.378533,3462993.631,178245.825,0,Fourth_July_Block,Post-Burn
501,y,17:09:58,31.256948,-84.379134,3463006.396,178188.845,0,Fourth_July_Block,Post-Burn
502,y,17:10:43,31.256895,-84.379506,3463001.58,178153.244,0,Fourth_July_Block,Post-Burn
503,y,17:16:25,31.256722,-84.380292,3462984.685,178077.787,0,Fourth_July_Block,Post-Burn
504,y,17:23:55,31.25683,-84.381513,3463000.164,177961.792,0,Fourth_July_Block,Post-Burn
505,y,17:32:30,31.2568,-84.38212,3462998.658,177903.884,0,Fourth_July_Block,Post-Burn
506,y,17:43:22,31.256713,-84.383643,3462993.455,177758.409,0,Fourth_July_Block,Post-Burn
507,y,17:45:08,31.256046,-84.383669,3462919.511,177753.644,0,Fourth_July_Block,Post-Burn
508,y,17:53:12,31.256144,-84.381766,3462924.806,177935.362,0,Fourth_July_Block,Post-Burn
509,y,18:28:50,31.25619,-84.378166,3462919.448,178278.555,0,Fourth_July_Block,Post-Burn
510,y,Auto,31.256213,-84.379914,3462927.133,178112.069,0,Fourth_July_Block,Post-Burn
511,y,Auto,31.256145,-84.380844,3462922.265,178023.229,0,Fourth_July_Block,Post-Burn
512,y,Auto,31.256274,-84.378869,3462930.783,178211.863,0,Fourth_July_Block,Post-Burn
513,y,16:13:09,31.260025,-84.378005,3463344.373,178306.934,0,Fourth_July_Block,Post-Burn
514,y,16:19:53,31.260026,-84.378542,3463346.084,178255.755,0,Fourth_July_Block,Post-Burn
515,y,16:29:40,31.259939,-84.379085,3463337.908,178203.725,0,Fourth_July_Block,Post-Burn
516,y,16:46:15,31.25997,-84.379842,3463343.632,178131.656,0,Fourth_July_Block,Post-Burn
517,y,16:47:16,31.259939,-84.38028,3463341.51,178089.823,0,Fourth_July_Block,Post-Burn
518,y,16:52:04,31.259951,-84.380654,3463343.863,178054.255,40,Fourth_July_Block,Post-Burn
519,y,16:53:05,31.259954,-84.380877,3463344.894,178032.988,0,Fourth_July_Block,Post-Burn
520,y,16:53:44,31.25994,-84.380987,3463343.641,178022.536,25,Fourth_July_Block,Post-Burn
521,y,17:01:30,31.259916,-84.381206,3463341.635,178001.538,35,Fourth_July_Block,Post-Burn
522,y,17:07:07,31.259927,-84.381355,3463343.314,177987.406,15,Fourth_July_Block,Post-Burn
523,y,17:25:49,31.25865,-84.38346,3463207.744,177782.5,0,Fourth_July_Block,Post-Burn
524,y,17:33:50,31.258657,-84.38257,3463205.995,177867.276,0,Fourth_July_Block,Post-Burn
525,y,17:46:18,31.258709,-84.382085,3463210.303,177913.649,0,Fourth_July_Block,Post-Burn
526,y,18:17:09,31.258815,-84.378084,3463210.395,178295.327,0,Fourth_July_Block,Post-Burn
527,y,7:50:43,31.254954,-84.378126,3462782.179,178278.206,0,Fourth_July_Block,Post-Burn
528,y,8:09:57,31.25497,-84.379962,3462789.394,178103.29,0,Fourth_July_Block,Post-Burn
529,y,8:16:26,31.255558,-84.383712,3462865.569,177747.899,0,Fourth_July_Block,Post-Burn
530,y,8:43:36,31.255577,-84.381262,3462860.511,177981.439,0,Fourth_July_Block,Post-Burn
531,n,8:44:28,31.255583,-84.381208,3462860.99,177986.63,55,Fourth_July_Block,Post-Burn
532,y,8:47:25,31.255564,-84.381058,3462858.481,178000.886,0,Fourth_July_Block,Post-Burn
533,y,9:17:31,31.255531,-84.378192,3462846.384,178273.838,0,Fourth_July_Block,Post-Burn
534,y,9:31:44,31.258072,-84.380056,3463133.713,178104.847,0,Fourth_July_Block,Post-Burn
535,y,9:33:24,31.258135,-84.38034,3463141.544,178078.041,20,Fourth_July_Block,Post-Burn
536,y,10:28:08,31.257955,-84.383464,3463130.641,177779.726,0,Fourth_July_Block,Post-Burn
537,y,10:29:39,31.257308,-84.383492,3463059.031,177774.827,5,Fourth_July_Block,Post-Burn
538,y,10:30:19,31.257323,-84.383371,3463060.279,177786.422,45,Fourth_July_Block,Post-Burn
539,y,10:31:18,31.257327,-84.383092,3463059.941,177812.984,0,Fourth_July_Block,Post-Burn
540,y,10:58:08,31.257483,-84.378187,3463062.906,178280.946,0,Fourth_July_Block,Post-Burn
541,y,12:27:30,31.289325,-84.462149,3466843.017,170391.323,0,2yr_rough,Post-Burn
542,y,12:43:39,31.289461,-84.462902,3466860.407,170320.043,0,2yr_rough,Post-Burn
543,y,12:44:54,31.289987,-84.462972,3466918.942,170315.288,0,2yr_rough,Post-Burn
544,y,13:21:36,31.289896,-84.46171,3466905.098,170435.169,0,2yr_rough,Post-Burn
545,y,13:23:26,31.290684,-84.461036,3466990.529,170502.14,0,2yr_rough,Post-Burn
546,y,13:57:37,31.290531,-84.463106,3466979.712,170304.376,0,2yr_rough,Post-Burn
547,y,13:59:02,31.29118,-84.463188,3467051.946,170298.846,0,2yr_rough,Post-Burn
548,y,14:28:48,31.291228,-84.460595,3467049.457,170545.972,0,2yr_rough,Post-Burn
549,y,14:42:06,31.291922,-84.460177,3467125.284,170588.22,0,2yr_rough,Post-Burn
550,y,15:00:48,31.291807,-84.462322,3467118.943,170383.519,0,2yr_rough,Post-Burn
551,y,15:28:47,31.291698,-84.463517,3467110.415,170269.303,0,2yr_rough,Post-Burn
552,y,15:30:35,31.292445,-84.463742,3467193.972,170250.525,0,2yr_rough,Post-Burn
553,y,16:09:52,31.292463,-84.459854,3467184.222,170620.897,0,2yr_rough,Post-Burn
554,y,7:17:06,31.293823,-84.458941,3467332.395,170712.566,0,2yr_rough,Post-Burn
555,y,7:59:01,31.293728,-84.460344,3467326.055,170578.576,0,2yr_rough,Post-Burn
556,y,8:03:51,31.293062,-84.463559,3467261.778,170270.07,0,2yr_rough,Post-Burn
557,y,8:04:36,31.293044,-84.463342,3467259.117,170290.638,5,2yr_rough,Post-Burn
558,y,8:09:57,31.293076,-84.462944,3467261.572,170328.732,0,2yr_rough,Post-Burn
559,y,8:42:32,31.293016,-84.459361,3467244.136,170669.745,0,2yr_rough,Post-Burn
560,y,9:14:17,31.29512,-84.457609,3467472.29,170843.962,0,1yr_rough,Post-Burn
561,y,9:29:45,31.295203,-84.455013,3467473.757,171091.523,0,1yr_rough,Post-Burn
562,y,9:31:01,31.295859,-84.455062,3467546.615,171089.117,0,1yr_rough,Post-Burn
563,y,9:32:25,31.295801,-84.455191,3467540.575,171076.642,10,1yr_rough,Post-Burn
564,y,9:34:25,31.295803,-84.455438,3467541.609,171053.146,0,1yr_rough,Post-Burn
565,y,9:43:29,31.295829,-84.456997,3467549.08,170904.736,0,1yr_rough,Post-Burn
566,y,9:53:26,31.296211,-84.456651,3467590.461,170938.992,0,1yr_rough,Post-Burn
567,y,10:01:57,31.296214,-84.454992,3467585.781,171097.082,0,1yr_rough,Post-Burn
568,y,10:03:13,31.296852,-84.454969,3467656.564,171101.449,0,1yr_rough,Post-Burn
569,y,10:23:07,31.296619,-84.456427,3467635.031,170961.773,0,1yr_rough,Post-Burn
570,y,10:50:57,31.294532,-84.457486,3467406.691,170853.675,0,1yr_rough,Post-Burn
571,y,11:13:37,31.294646,-84.455061,3467412.059,171085.051,0,1yr_rough,Post-Burn
572,y,11:14:53,31.293899,-84.455093,3467329.371,171079.351,0,1yr_rough,Post-Burn
573,y,11:22:33,31.293791,-84.456459,3467321.408,170948.851,0,1yr_rough,Post-Burn
574,y,11:30:26,31.293334,-84.455867,3467268.986,171003.697,0,1yr_rough,Post-Burn
575,y,11:34:59,31.293313,-84.455088,3467264.301,171077.871,0,1yr_rough,Post-Burn
576,y,11:35:59,31.292691,-84.455148,3467195.471,171069.926,0,1yr_rough,Post-Burn
577,y,11:36:17,31.292683,-84.45534,3467195.216,171051.601,0,1yr_rough,Post-Burn
578,y,11:45:07,31.29735,-84.456267,3467715.632,170979.568,0,1yr_rough,Post-Burn
579,y,11:48:56,31.297449,-84.455089,3467723.113,171092.084,0,1yr_rough,Post-Burn
580,y,11:49:54,31.298077,-84.455082,3467792.786,171094.942,0,1yr_rough,Post-Burn
581,y,11:50:32,31.298053,-84.455281,3467790.628,171075.973,10,1yr_rough,Post-Burn
582,y,11:52:27,31.298022,-84.455608,3467788.259,171044.726,25,1yr_rough,Post-Burn
583,y,11:53:58,31.298045,-84.455914,3467791.67,171015.62,0,1yr_rough,Post-Burn
584,y,11:55:08,31.298658,-84.455637,3467858.825,171044.123,0,1yr_rough,Post-Burn
585,y,11:57:09,31.29864,-84.455105,3467855.287,171094.768,0,1yr_rough,Post-Burn
586,y,11:58:21,31.299199,-84.455246,3467917.71,171083.23,0,1yr_rough,Post-Burn
587,y,17:46:18,31.258709,-84.382085,3463210.303,177913.649,0,Fourth_July_Block,Post-Burn
588,y,17:46:18,31.258709,-84.382085,3463210.303,177913.649,0,Fourth_July_Block,Post-Burn
589,y,17:33:50,31.258657,-84.38257,3463205.995,177867.276,0,Fourth_July_Block,Post-Burn
590,y,17:46:18,31.258709,-84.382085,3463210.303,177913.649,0,Fourth_July_Block,Post-Burn
591,y,17:46:18,31.258709,-84.382085,3463210.303,177913.649,0,Fourth_July_Block,Post-Burn
592,y,17:46:18,31.258709,-84.382085,3463210.303,177913.649,0,Fourth_July_Block,Post-Burn
593,y,17:33:50,31.258657,-84.38257,3463205.995,177867.276,0,Fourth_July_Block,Post-Burn
594,y,17:46:18,31.258709,-84.382085,3463210.303,177913.649,0,Fourth_July_Block,Post-Burn
595,y,17:46:18,31.258709,-84.382085,3463210.303,177913.649,0,Fourth_July_Block,Post-Burn
596,y,17:46:18,31.258709,-84.382085,3463210.303,177913.649,0,Fourth_July_Block,Post-Burn
597,y,17:33:50,31.258657,-84.38257,3463205.995,177867.276,0,Fourth_July_Block,Post-Burn
598,y,17:33:50,31.258657,-84.38257,3463205.995,177867.276,0,Fourth_July_Block,Post-Burn
599,y,17:46:18,31.258709,-84.382085,3463210.303,177913.649,0,Fourth_July_Block,Post-Burn
600,y,17:46:18,31.258709,-84.382085,3463210.303,177913.649,0,Fourth_July_Block,Post-Burn
601,y,17:46:18,31.258709,-84.382085,3463210.303,177913.649,0,Fourth_July_Block,Post-Burn
602,y,17:33:50,31.258657,-84.38257,3463205.995,177867.276,0,Fourth_July_Block,Post-Burn
603,y,17:46:18,31.258709,-84.382085,3463210.303,177913.649,0,Fourth_July_Block,Post-Burn
604,y,17:46:18,31.258709,-84.382085,3463210.303,177913.649,0,Fourth_July_Block,Post-Burn
605,y,17:46:18,31.258709,-84.382085,3463210.303,177913.649,0,Fourth_July_Block,Post-Burn
606,y,17:33:50,31.258657,-84.38257,3463205.995,177867.276,0,Fourth_July_Block,Post-Burn
607,y,17:46:18,31.258709,-84.382085,3463210.303,177913.649,0,Fourth_July_Block,Post-Burn
608,y,17:46:18,31.258709,-84.382085,3463210.303,177913.649,0,Fourth_July_Block,Post-Burn
609,y,17:46:18,31.258709,-84.382085,3463210.303,177913.649,0,Fourth_July_Block,Post-Burn
610,y,17:33:50,31.258657,-84.38257,3463205.995,177867.276,0,Fourth_July_Block,Post-Burn
611,y,17:33:50,31.258657,-84.38257,3463205.995,177867.276,0,Fourth_July_Block,Post-Burn
612,y,17:46:18,31.258709,-84.382085,3463210.303,177913.649,0,Fourth_July_Block,Post-Burn
613,y,17:46:18,31.258709,-84.382085,3463210.303,177913.649,0,Fourth_July_Block,Post-Burn
614,y,17:46:18,31.258709,-84.382085,3463210.303,177913.649,0,Fourth_July_Block,Post-Burn
615,y,17:33:50,31.258657,-84.38257,3463205.995,177867.276,0,Fourth_July_Block,Post-Burn
616,y,17:33:50,31.258657,-84.38257,3463205.995,177867.276,0,Fourth_July_Block,Post-Burn
617,y,17:46:18,31.258709,-84.382085,3463210.303,177913.649,0,Fourth_July_Block,Post-Burn
618,y,17:46:18,31.258709,-84.382085,3463210.303,177913.649,0,Fourth_July_Block,Post-Burn
619,y,17:46:18,31.258709,-84.382085,3463210.303,177913.649,0,Fourth_July_Block,Post-Burn
620,y,17:33:50,31.258657,-84.38257,3463205.995,177867.276,0,Fourth_July_Block,Post-Burn
621,y,17:33:50,31.258657,-84.38257,3463205.995,177867.276,0,Fourth_July_Block,Post-Burn
622,y,17:46:18,31.258709,-84.382085,3463210.303,177913.649,0,Fourth_July_Block,Post-Burn
623,y,17:46:18,31.258709,-84.382085,3463210.303,177913.649,0,Fourth_July_Block,Post-Burn
624,y,17:46:18,31.258709,-84.382085,3463210.303,177913.649,0,Fourth_July_Block,Post-Burn
625,y,17:33:50,31.258657,-84.38257,3463205.995,177867.276,0,Fourth_July_Block,Post-Burn
626,y,17:33:50,31.258657,-84.38257,3463205.995,177867.276,0,Fourth_July_Block,Post-Burn
627,y,17:46:18,31.258709,-84.382085,3463210.303,177913.649,0,Fourth_July_Block,Post-Burn
628,y,17:46:18,31.258709,-84.382085,3463210.303,177913.649,0,Fourth_July_Block,Post-Burn
629,y,17:46:18,31.258709,-84.382085,3463210.303,177913.649,0,Fourth_July_Block,Post-Burn
630,y,17:33:50,31.258657,-84.38257,3463205.995,177867.276,0,Fourth_July_Block,Post-Burn
631,y,17:46:18,31.258709,-84.382085,3463210.303,177913.649,0,Fourth_July_Block,Post-Burn
632,y,17:46:18,31.258709,-84.382085,3463210.303,177913.649,0,Fourth_July_Block,Post-Burn
633,y,17:46:18,31.258709,-84.382085,3463210.303,177913.649,0,Fourth_July_Block,Post-Burn
634,y,15:30:35,31.292445,-84.463742,3467193.972,170250.525,0,2yr_rough,Post-Burn
635,y,15:30:35,31.292445,-84.463742,3467193.972,170250.525,0,2yr_rough,Post-Burn
636,y,15:30:35,31.292445,-84.463742,3467193.972,170250.525,0,2yr_rough,Post-Burn
637,y,15:30:35,31.292445,-84.463742,3467193.972,170250.525,0,2yr_rough,Post-Burn
638,y,15:30:35,31.292445,-84.463742,3467193.972,170250.525,0,2yr_rough,Post-Burn
639,y,15:30:35,31.292445,-84.463742,3467193.972,170250.525,0,2yr_rough,Post-Burn
640,y,15:30:35,31.292445,-84.463742,3467193.972,170250.525,0,2yr_rough,Post-Burn
641,y,15:30:35,31.292445,-84.463742,3467193.972,170250.525,0,2yr_rough,Post-Burn
642,y,15:30:35,31.292445,-84.463742,3467193.972,170250.525,0,2yr_rough,Post-Burn
643,y,15:30:35,31.292445,-84.463742,3467193.972,170250.525,0,2yr_rough,Post-Burn
644,y,15:30:35,31.292445,-84.463742,3467193.972,170250.525,0,2yr_rough,Post-Burn
645,y,15:30:35,31.292445,-84.463742,3467193.972,170250.525,0,2yr_rough,Post-Burn
646,y,15:30:35,31.292445,-84.463742,3467193.972,170250.525,0,2yr_rough,Post-Burn
647,y,15:30:35,31.292445,-84.463742,3467193.972,170250.525,0,2yr_rough,Post-Burn
648,y,15:30:35,31.292445,-84.463742,3467193.972,170250.525,0,2yr_rough,Post-Burn
649,y,15:30:35,31.292445,-84.463742,3467193.972,170250.525,0,2yr_rough,Post-Burn
650,y,15:30:35,31.292445,-84.463742,3467193.972,170250.525,0,2yr_rough,Post-Burn
651,y,15:30:35,31.292445,-84.463742,3467193.972,170250.525,0,2yr_rough,Post-Burn
652,y,15:30:35,31.292445,-84.463742,3467193.972,170250.525,0,2yr_rough,Post-Burn
653,y,15:30:35,31.292445,-84.463742,3467193.972,170250.525,0,2yr_rough,Post-Burn
654,y,15:30:35,31.292445,-84.463742,3467193.972,170250.525,0,2yr_rough,Post-Burn
655,y,15:30:35,31.292445,-84.463742,3467193.972,170250.525,0,2yr_rough,Post-Burn
656,y,15:30:35,31.292445,-84.463742,3467193.972,170250.525,0,2yr_rough,Post-Burn
657,y,15:30:35,31.292445,-84.463742,3467193.972,170250.525,0,2yr_rough,Post-Burn
658,y,15:30:35,31.292445,-84.463742,3467193.972,170250.525,0,2yr_rough,Post-Burn
659,y,15:30:35,31.292445,-84.463742,3467193.972,170250.525,0,2yr_rough,Post-Burn
660,y,15:30:35,31.292445,-84.463742,3467193.972,170250.525,0,2yr_rough,Post-Burn
661,y,15:30:35,31.292445,-84.463742,3467193.972,170250.525,0,2yr_rough,Post-Burn
662,y,15:30:35,31.292445,-84.463742,3467193.972,170250.525,0,2yr_rough,Post-Burn
663,y,15:30:35,31.292445,-84.463742,3467193.972,170250.525,0,2yr_rough,Post-Burn
664,y,15:30:35,31.292445,-84.463742,3467193.972,170250.525,0,2yr_rough,Post-Burn
665,y,7:17:06,31.293823,-84.458941,3467332.395,170712.566,0,2yr_rough,Post-Burn
666,y,7:17:06,31.293823,-84.458941,3467332.395,170712.566,0,1yr_rough,Post-Burn
667,y,7:17:06,31.293823,-84.458941,3467332.395,170712.566,0,1yr_rough,Post-Burn
668,y,7:17:06,31.293823,-84.458941,3467332.395,170712.566,0,1yr_rough,Post-Burn
669,y,7:17:06,31.293823,-84.458941,3467332.395,170712.566,0,1yr_rough,Post-Burn
670,y,7:17:06,31.293823,-84.458941,3467332.395,170712.566,0,1yr_rough,Post-Burn
671,y,7:17:06,31.293823,-84.458941,3467332.395,170712.566,0,1yr_rough,Post-Burn
672,y,7:17:06,31.293823,-84.458941,3467332.395,170712.566,0,1yr_rough,Post-Burn
673,y,7:17:06,31.293823,-84.458941,3467332.395,170712.566,0,1yr_rough,Post-Burn
674,y,7:17:06,31.293823,-84.458941,3467332.395,170712.566,0,1yr_rough,Post-Burn
675,y,7:17:06,31.293823,-84.458941,3467332.395,170712.566,0,1yr_rough,Post-Burn
676,y,7:17:06,31.293823,-84.458941,3467332.395,170712.566,0,1yr_rough,Post-Burn
677,y,7:17:06,31.293823,-84.458941,3467332.395,170712.566,0,1yr_rough,Post-Burn
678,y,7:17:06,31.293823,-84.458941,3467332.395,170712.566,0,1yr_rough,Post-Burn
679,y,7:17:06,31.293823,-84.458941,3467332.395,170712.566,0,1yr_rough,Post-Burn
680,y,7:17:06,31.293823,-84.458941,3467332.395,170712.566,0,1yr_rough,Post-Burn
681,y,7:17:06,31.293823,-84.458941,3467332.395,170712.566,0,1yr_rough,Post-Burn
682,y,7:17:06,31.293823,-84.458941,3467332.395,170712.566,0,1yr_rough,Post-Burn
683,y,7:17:06,31.293823,-84.458941,3467332.395,170712.566,0,1yr_rough,Post-Burn
684,y,7:17:06,31.293823,-84.458941,3467332.395,170712.566,0,1yr_rough,Post-Burn
685,y,7:17:06,31.293823,-84.458941,3467332.395,170712.566,0,1yr_rough,Post-Burn
686,y,7:17:06,31.293823,-84.458941,3467332.395,170712.566,0,1yr_rough,Post-Burn
687,y,7:17:06,31.293823,-84.458941,3467332.395,170712.566,0,1yr_rough,Post-Burn
688,y,7:17:06,31.293823,-84.458941,3467332.395,170712.566,0,1yr_rough,Post-Burn
689,y,7:17:06,31.293823,-84.458941,3467332.395,170712.566,0,1yr_rough,Post-Burn
690,y,7:17:06,31.293823,-84.458941,3467332.395,170712.566,0,1yr_rough,Post-Burn
691,y,7:17:06,31.293823,-84.458941,3467332.395,170712.566,0,1yr_rough,Post-Burn
692,y,7:17:06,31.293823,-84.458941,3467332.395,170712.566,0,1yr_rough,Post-Burn
693,y,7:17:06,31.293823,-84.458941,3467332.395,170712.566,0,1yr_rough,Post-Burn
