ObjectNum,diameter,scoped,occ,DDLat,DDLong,Time,Northing,Easting,NEAR_DIST,Site,Horz_Veg,Burn
1,34,y,y,31.297983,-84.455848,6/5/2015 11:24,3467784.651,171021.696,4.769402634,1yr_rough,10.8776,pre-burn
2,4,y,u,31.297967,-84.455932,6/5/2015 11:26,3467783.08,171013.604,6.340302633,1yr_rough,5.30311,pre-burn
3,33,y,y,31.29798,-84.455664,6/5/2015 11:29,3467783.703,171039.168,5.717202634,1yr_rough,19.1323,pre-burn
4,29,y,n,31.297431,-84.455291,6/5/2015 11:37,3467721.652,171072.787,2.231197363,1yr_rough,12.8744,pre-burn
5,30,y,n,31.297305,-84.455979,6/5/2015 11:41,3467709.813,171006.887,9.607102638,1yr_rough,14.7362,pre-burn
6,22,y,n,31.297292,-84.456139,6/5/2015 11:45,3467708.828,170991.587,10.59290264,1yr_rough,14.2078,pre-burn
7,40,y,n,31.296574,-84.456276,6/5/2015 11:52,3467629.563,170975.967,19.85720264,1yr_rough,10.1569,pre-burn
8,37,y,n,31.296875,-84.456157,6/5/2015 12:05,3467662.616,170988.399,13.19539736,1yr_rough,10.6648,pre-burn
9,35,y,y,31.296838,-84.456038,6/5/2015 12:11,3467658.134,170999.584,8.712997364,1yr_rough,10.2901,pre-burn
10,31,y,y,31.293787,-84.459837,6/5/2015 9:58,3467331.055,170627.106,3.608425385,2yr_rough,26.2449,pre-burn
11,61,y,y,31.296346,-84.456159,6/5/2015 11:57,3467603.893,170986.388,24.47289737,1yr_rough,10.2721,pre-burn
12,42,y,y,31.296357,-84.455905,6/5/2015 12:00,3467604.421,171010.596,25.00019737,1yr_rough,10.4936,pre-burn
13,39,y,n,31.296137,-84.456279,6/5/2015 13:04,3467581.1,170974.191,1.679697366,1yr_rough,10.2571,pre-burn
14,25,y,y,31.296306,-84.455792,6/5/2015 13:09,3467598.411,171021.15,18.99089737,1yr_rough,10.5375,pre-burn
15,35,y,y,31.296237,-84.455384,6/5/2015 13:15,3467589.594,171059.792,10.17349737,1yr_rough,11.8526,pre-burn
16,35,y,y,31.295855,-84.455585,6/5/2015 13:34,3467547.78,171039.346,3.359297365,1yr_rough,14.5643,pre-burn
17,51,y,n,31.295837,-84.456153,6/5/2015 13:38,3467547.438,170985.199,3.017397365,1yr_rough,13.3798,pre-burn
18,36,y,y,31.295806,-84.456168,6/5/2015 13:41,3467544.116,170983.623,0.304302637,1yr_rough,13.7423,pre-burn
19,34,y,n,31.295886,-84.456761,6/5/2015 13:45,3467554.772,170927.418,10.35169736,1yr_rough,12.8003,pre-burn
20,35,y,y,31.295203,-84.457017,6/6/2015 5:38,3467479.687,170900.67,5.266797366,1yr_rough,18.0831,pre-burn
21,52,y,n,31.295307,-84.456274,6/6/2015 5:44,3467489.023,170971.808,14.60269737,1yr_rough,19.0653,pre-burn
22,36,y,y,31.295088,-84.456063,6/6/2015 5:47,3467464.11,170991.105,10.31060263,1yr_rough,19.4216,pre-burn
23,9,y,y,31.295183,-84.455643,6/6/2015 5:52,3467473.353,171031.454,1.067802634,1yr_rough,19.7931,pre-burn
24,32,y,n,31.295306,-84.455167,6/6/2015 5:59,3467485.604,171077.266,11.18309737,1yr_rough,18.9941,pre-burn
25,35,y,y,31.294526,-84.455359,6/6/2015 6:06,3467399.715,171056.269,4.705702635,1yr_rough,14.1565,pre-burn
26,26,y,n,31.294628,-84.455663,6/6/2015 6:08,3467411.861,171027.662,7.440297367,1yr_rough,15.1484,pre-burn
27,39,y,n,31.294613,-84.455748,6/6/2015 6:10,3467410.525,171019.472,6.104697365,1yr_rough,15.1068,pre-burn
28,39,y,n,31.294512,-84.455878,6/6/2015 6:16,3467399.685,171006.728,4.735002633,1yr_rough,14.9911,pre-burn
29,44,y,n,31.294776,-84.456301,6/6/2015 6:20,3467430.212,170967.351,25.79129737,1yr_rough,17.3112,pre-burn
30,34,y,n,31.29479,-84.456386,6/6/2015 6:22,3467432.015,170959.35,27.59409737,1yr_rough,17.1959,pre-burn
31,32,y,y,31.294567,-84.45655,6/6/2015 6:26,3467407.762,170942.899,3.341597367,1yr_rough,15.188,pre-burn
32,37,y,n,31.294169,-84.456543,6/6/2015 6:33,3467363.603,170942.236,29.18289736,1yr_rough,12.3666,pre-burn
33,38,y,n,31.294302,-84.456815,6/6/2015 6:39,3467379.141,170916.727,25.27960263,1yr_rough,14.711,pre-burn
34,36,y,n,31.294224,-84.456757,6/6/2015 6:41,3467370.328,170921.99,34.09260263,1yr_rough,13.5876,pre-burn
35,40,y,y,31.294048,-84.456285,6/6/2015 7:08,3467349.377,170966.399,14.95619736,1yr_rough,13.2598,pre-burn
36,34,y,n,31.293822,-84.456014,6/6/2015 7:11,3467323.548,170991.412,10.87210264,1yr_rough,12.4671,pre-burn
37,37,y,y,31.293993,-84.456028,6/6/2015 7:13,3467342.507,170990.632,8.086997364,1yr_rough,11.5439,pre-burn
38,37,y,n,31.294026,-84.456036,6/6/2015 7:14,3467346.28,170990.008,11.85989736,1yr_rough,12.092,pre-burn
39,34,y,n,31.293774,-84.455877,6/6/2015 7:17,3467317.799,171004.296,16.62100264,1yr_rough,12.7952,pre-burn
40,27,y,n,31.294253,-84.455628,6/6/2015 7:27,3467370.228,171029.64,34.19240263,1yr_rough,12.6583,pre-burn
41,42,n,n,31.294204,-84.455684,6/6/2015 7:30,3467364.939,171024.197,30.51859736,1yr_rough,12.6889,pre-burn
42,52,y,y,31.293974,-84.455492,6/6/2015 7:45,3467338.858,171041.646,4.437897364,1yr_rough,11.2742,pre-burn
43,36,y,y,31.293774,-84.455574,6/6/2015 7:49,3467316.885,171033.125,17.53510264,1yr_rough,12.926,pre-burn
44,36,y,y,31.293999,-84.455322,6/6/2015 7:54,3467341.111,171057.901,6.690897364,1yr_rough,9.58245,pre-burn
45,53,y,y,31.293781,-84.455249,6/6/2015 7:56,3467316.698,171064.143,17.72210264,1yr_rough,8.5567,pre-burn
46,27,y,n,31.290512,-84.461625,6/5/2015 6:25,3466973.192,170445.425,11.22860263,2yr_rough,44.045,pre-burn
47,34,y,y,31.290566,-84.462015,6/5/2015 6:30,3466980.353,170408.43,4.066902634,2yr_rough,39.727,pre-burn
48,33,y,y,31.290482,-84.462677,6/5/2015 6:56,3466972.965,170345.062,11.45520263,2yr_rough,15.1311,pre-burn
49,32,y,n,31.290433,-84.463192,6/5/2015 7:02,3466969.129,170295.814,15.29120263,2yr_rough,26.9349,pre-burn
50,35,y,y,31.291834,-84.46072,6/5/2015 7:27,3467117.129,170536.168,7.291002635,2yr_rough,25.2963,pre-burn
51,43,y,n,31.291855,-84.461302,6/5/2015 7:32,3467121.224,170480.83,3.196702635,2yr_rough,25.3682,pre-burn
52,7,y,y,31.292479,-84.463591,6/5/2015 8:23,3467197.195,170265.017,2.774797363,2yr_rough,6.40013,pre-burn
53,38,y,y,31.292438,-84.463346,6/5/2015 8:30,3467191.932,170288.192,2.488802638,2yr_rough,6.49331,pre-burn
54,33,y,y,31.292439,-84.463146,6/5/2015 8:36,3467191.416,170307.269,3.004502637,2yr_rough,17.7858,pre-burn
55,16,y,n,31.292467,-84.46256,6/5/2015 8:45,3467192.795,170363.102,1.625802638,2yr_rough,37.9971,pre-burn
56,38,y,n,31.292734,-84.461042,6/5/2015 8:54,3467217.865,170508.633,23.44409736,2yr_rough,37.654,pre-burn
57,38,y,y,31.292627,-84.460934,6/5/2015 8:58,3467205.711,170518.613,11.29089736,2yr_rough,43.1921,pre-burn
58,31,y,y,31.293037,-84.46295,6/5/2015 10:07,3467257.168,170327.997,7.252302634,2yr_rough,29.2019,pre-burn
59,51,y,n,31.293081,-84.462425,6/5/2015 10:14,3467260.519,170378.162,3.901002634,2yr_rough,22.5297,pre-burn
60,30,y,y,31.293181,-84.46085,6/5/2015 10:23,3467266.948,170528.516,2.527097367,2yr_rough,12.0486,pre-burn
61,30,y,y,31.293211,-84.460396,6/5/2015 10:29,3467268.855,170571.879,4.434397366,2yr_rough,16.2008,pre-burn
62,36,y,n,31.293216,-84.459883,6/5/2015 10:59,3467267.903,170620.792,3.482297366,2yr_rough,15.9349,pre-burn
63,43,y,y,31.293487,-84.45521,6/6/2015 8:01,3467283.98,171066.822,20.8049575,1yr_rough,12.8818,pre-burn
64,39,y,n,31.29319,-84.455342,6/6/2015 8:05,3467251.382,171053.202,11.89621893,1yr_rough,17.1894,pre-burn
65,26,y,n,31.26396,-84.468817,6/4/2015 6:02,3464049.401,169667.607,4.981297368,Joseph_Road,37.8386,pre-burn
66,0,n,n,31.263892,-84.468413,6/4/2015 6:09,3464040.729,169705.874,3.690802632,Joseph_Road,51.8201,pre-burn
67,36,y,n,31.263315,-84.468524,6/4/2015 7:40,3463976.982,169693.28,2.562197365,Joseph_Road,28.2239,pre-burn
68,0,n,n,31.263272,-84.468126,6/4/2015 7:44,3463971.087,169731.036,3.332702635,Joseph_Road,11.8001,pre-burn
69,0,n,n,31.263366,-84.464899,6/4/2015 8:07,3463971.869,170038.888,2.550902635,Joseph_Road,25.9736,pre-burn
70,29,y,n,31.262725,-84.466434,6/4/2015 8:36,3463905.338,169890.381,0.917997366,Joseph_Road,23.0167,pre-burn
71,35,y,n,31.261163,-84.46549,6/4/2015 12:14,3463729.215,169974.852,0.205102634,Joseph_Road,22.8745,pre-burn
72,37,y,y,31.260763,-84.466594,6/4/2015 12:26,3463688.162,169868.317,6.257702636,Joseph_Road,25.5838,pre-burn
73,37,y,n,31.260754,-84.466404,6/4/2015 12:29,3463686.566,169886.318,7.853802636,Joseph_Road,8.79611,pre-burn
74,36,y,y,31.26084,-84.466418,6/4/2015 12:31,3463696.126,169885.344,1.706497364,Joseph_Road,8.9565,pre-burn
75,34,y,n,31.260929,-84.465334,6/4/2015 12:50,3463702.832,169988.931,8.412397364,Joseph_Road,23.9235,pre-burn
76,27,y,y,31.261997,-84.466366,6/4/2015 14:06,3463824.329,169894.355,10.09090263,Joseph_Road,27.1572,pre-burn
77,25,y,n,31.261751,-84.465192,6/4/2015 14:37,3463793.583,170005.302,5.836102635,Joseph_Road,16.8859,pre-burn
78,32,y,n,31.261697,-84.465951,6/4/2015 14:41,3463789.815,169932.775,9.604302634,Joseph_Road,22.171,pre-burn
79,25,y,n,31.258034,-84.464299,6/4/2015 9:22,3463378.596,170077.482,0.823202636,Joseph_Road,9.90911,pre-burn
80,46,y,y,31.25805,-84.464485,6/4/2015 9:26,3463380.876,170059.757,1.456297364,Joseph_Road,5.0891,pre-burn
81,33,y,n,31.258391,-84.464696,6/4/2015 9:32,3463419.404,170040.876,4.984097367,Joseph_Road,9.95752,pre-burn
82,37,y,y,31.259679,-84.465376,6/4/2015 10:50,3463564.225,169980.609,9.805797365,Joseph_Road,23.7301,pre-burn
83,26,y,b,31.260006,-84.465618,6/4/2015 11:08,3463601.294,169958.617,11.87469736,Joseph_Road,15.7279,pre-burn
84,33,y,y,31.259951,-84.465648,6/4/2015 11:12,3463595.221,169955.624,5.801397365,Joseph_Road,15.1051,pre-burn
85,31,y,n,31.259819,-84.465926,6/4/2015 11:19,3463581.471,169928.665,7.948902635,Joseph_Road,11.5372,pre-burn
86,8,y,n,31.26029,-84.466185,6/4/2015 11:26,3463634.438,169905.628,10.01799737,Joseph_Road,7.3461,pre-burn
87,43,y,u,31.260334,-84.466021,6/4/2015 11:28,3463638.915,169921.394,14.49579737,Joseph_Road,12.9379,pre-burn
88,34,n,u,31.260228,-84.465635,6/4/2015 11:31,3463625.922,169957.769,1.502697365,Joseph_Road,16.4658,pre-burn
89,39,y,y,31.26008,-84.378414,6/8/2015 14:52,3463351.651,178268.088,7.231597362,Fourth_July_Block,13.374,pre-burn
90,32,y,y,31.259885,-84.379858,6/8/2015 15:00,3463334.282,178129.852,10.13740264,Fourth_July_Block,10.7843,pre-burn
91,34,y,n,31.259953,-84.380619,6/8/2015 15:05,3463343.978,178057.571,0.441102637,Fourth_July_Block,14.6262,pre-burn
92,43,y,n,31.259936,-84.381007,6/8/2015 15:08,3463343.2,178020.586,1.219502637,Fourth_July_Block,15.5035,pre-burn
93,36,y,y,31.260119,-84.381424,6/8/2015 15:13,3463364.735,177981.452,20.31589736,Fourth_July_Block,34.9299,pre-burn
94,32,y,n,31.258181,-84.378818,6/7/2015 13:51,3463142.149,178223.182,7.780542089,Fourth_July_Block,15.4047,pre-burn
95,34,y,n,31.258102,-84.380512,6/7/2015 13:58,3463138.337,178061.503,4.079352462,Fourth_July_Block,10.4811,pre-burn
96,40,y,n,31.258096,-84.38051,6/7/2015 13:58,3463137.661,178061.638,3.403361074,Fourth_July_Block,10.1299,pre-burn
97,39,y,n,31.258009,-84.380811,6/7/2015 14:14,3463128.977,178032.676,5.261694691,Fourth_July_Block,15.3802,pre-burn
98,47,y,y,31.257992,-84.382205,6/7/2015 14:22,3463131.103,177899.85,3.044553479,Fourth_July_Block,11.0976,pre-burn
99,41,y,n,31.258088,-84.382748,6/7/2015 14:25,3463143.367,177848.357,9.254344032,Fourth_July_Block,13.6393,pre-burn
100,41,y,y,31.258471,-84.381906,6/7/2015 14:45,3463183.386,177929.926,23.78413217,Fourth_July_Block,14.0469,pre-burn
101,35,y,y,31.258575,-84.381497,6/7/2015 14:48,3463193.72,177969.248,13.15952571,Fourth_July_Block,11.9064,pre-burn
102,41,y,"y, rattle",31.258584,-84.380532,6/7/2015 14:55,3463191.869,178061.224,14.32822638,Fourth_July_Block,17.8426,pre-burn
103,45,y,y,31.258673,-84.37935,6/7/2015 15:02,3463198.355,178174.185,7.005047362,Fourth_July_Block,24.3992,pre-burn
104,42,n,n,31.257276,-84.382674,6/8/2015 14:01,3463053.026,177852.729,11.39320264,Fourth_July_Block,13.1599,pre-burn
105,36,y,n,31.257369,-84.382381,6/8/2015 14:03,3463062.542,177880.964,1.877502635,Fourth_July_Block,19.7173,pre-burn
106,18,y,n,31.257329,-84.382244,6/8/2015 14:06,3463057.644,177893.868,6.775902636,Fourth_July_Block,20.0021,pre-burn
107,43,y,n,31.257557,-84.379441,6/8/2015 14:34,3463074.749,178161.736,10.32989736,Fourth_July_Block,9.2052,pre-burn
108,29,y,n,31.257567,-84.378634,6/8/2015 14:38,3463073.597,178238.594,9.178097364,Fourth_July_Block,7.19801,pre-burn
109,34,n,n,31.255445,-84.378941,6/6/2015 9:00,3462839.061,178202.142,16.73768662,Fourth_July_Block,11.2416,pre-burn
110,32,y,n,31.25543,-84.380126,6/6/2015 9:09,3462840.853,178089.177,16.76677886,Fourth_July_Block,15.62,pre-burn
111,33,y,n,31.255516,-84.380135,6/6/2015 9:13,3462850.438,178088.672,7.191972338,Fourth_July_Block,15.5427,pre-burn
112,35,y,n,31.255521,-84.380328,6/6/2015 9:14,3462851.587,178070.223,6.340305249,Fourth_July_Block,15.4059,pre-burn
113,38,y,n,31.255608,-84.380423,6/6/2015 9:16,3462861.448,178061.527,3.37939907,Fourth_July_Block,18.0112,pre-burn
114,32,y,n,31.255529,-84.380498,6/6/2015 9:17,3462852.902,178054.126,5.285126091,Fourth_July_Block,19.5491,pre-burn
115,8,y,y,31.255513,-84.381252,6/6/2015 9:25,3462853.419,177982.155,5.928554032,Fourth_July_Block,14.0914,pre-burn
116,26,y,y,31.255385,-84.38302,6/6/2015 9:32,3462844.322,177813.301,17.74699941,Fourth_July_Block,13.3276,pre-burn
117,22,y,n,31.255558,-84.38435,6/6/2015 9:38,3462867.368,177687.117,3.261405509,,14.6379,pre-burn
118,32,y,n,31.256045,-84.383101,6/6/2015 10:04,3462917.75,177807.818,6.729432863,Fourth_July_Block,18.9973,pre-burn
119,24,y,n,31.256237,-84.38162,6/6/2015 10:09,3462934.703,177949.608,10.24056227,Fourth_July_Block,21.7833,pre-burn
120,29,y,n,31.256074,-84.379761,6/6/2015 10:16,3462911.26,178126.126,13.1797083,Fourth_July_Block,21.3595,pre-burn
121,37,y,n,31.256165,-84.379231,6/6/2015 10:19,3462919.756,178176.962,4.677164176,Fourth_July_Block,10.6139,pre-burn
122,19,n,n,31.256772,-84.379016,6/8/2015 13:35,3462986.527,178199.539,7.152919421,Fourth_July_Block,14.6298,pre-burn
123,38,y,n,31.256775,-84.379984,6/8/2015 13:40,3462989.586,178107.295,3.364813389,Fourth_July_Block,14.8763,pre-burn
124,22,y,n,31.256764,-84.380953,6/8/2015 13:44,3462991.225,178014.941,0.996299868,Fourth_July_Block,15.2369,pre-burn
125,35,y,n,31.256656,-84.382059,6/8/2015 13:48,3462982.52,177909.152,8.863973666,Fourth_July_Block,19.861,pre-burn
126,0,n,n,31.295781,-84.455555,6/5/2015 13:31,3467539.514,171041.972,4.906802636,1yr_rough,14.7444,pre-burn
127,37,y,n,31.293276,-84.460209,6/5/2015 10:33,3467275.472,170589.931,11.05109737,2yr_rough,23.3142,pre-burn
128,34,y,n,31.298678,-84.455481,6/5/2015 11:17,3467860.556,171059.03,1.135597365,1yr_rough,5.30299,pre-burn
129,14,y,n,31.293181,-84.459519,6/5/2015 11:04,3467262.901,170655.268,1.519302635,2yr_rough,35.2233,pre-burn
130,46,y,u,31.296645,-84.455889,6/5/2015 12:24,3467636.283,171013.109,13.13790264,1yr_rough,11.2949,pre-burn
131,40,y,y,31.289361,-84.462499,6/5/2015 5:30,3466848.078,170358.102,3.657297364,2yr_rough,24.1167,pre-burn
132,7,y,y,31.296625,-84.455064,6/5/2015 12:37,3467631.666,171091.655,17.75440264,1yr_rough,14.6875,pre-burn
133,7,y,0,31.294953,-84.457391,6/13/2015 6:16,3467453.133,170864.195,21.28710263,1_yr_rough,0,post-burn
134,9,y,0,31.296701,-84.455336,6/13/2015 7:04,3467640.854,171066.026,8.566902636,1_yr_rough,0,post-burn
135,10,y,0,31.295195,-84.455651,6/13/2015 6:25,3467474.803,171030.706,0.382797366,1_yr_rough,0.478978,post-burn
136,10,y,0,31.29619,-84.456511,6/13/2015 6:54,3467587.642,170952.311,8.220997367,1_yr_rough,0,post-burn
137,13,y,NA,31.296294,-84.456578,6/13/2015 6:53,3467599.457,170946.301,20.03689737,1_yr_rough,0,post-burn
138,13,y,1,31.295913,-84.456774,6/13/2015 6:42,3467557.73,170926.243,13.30989737,1_yr_rough,0,post-burn
139,13,y,1,31.296808,-84.455011,6/13/2015 7:03,3467651.756,171097.343,2.339841844,1_yr_rough,0,post-burn
140,16,y,0,31.294459,-84.456987,6/13/2015 7:54,3467397.066,170900.961,7.354602633,1_yr_rough,0,post-burn
141,18,y,0,31.29603,-84.455773,6/13/2015 6:58,3467567.768,171022.034,11.65270263,1_yr_rough,0.276974,post-burn
142,20,y,1,31.29814,-84.455475,6/13/2015 8:51,3467800.861,171057.732,11.67149737,1_yr_rough,13.217,post-burn
143,25,y,0,31.297282,-84.456152,6/13/2015 8:45,3467707.748,170990.254,11.67270264,1_yr_rough,0.269027,post-burn
144,27,y,1,31.296277,-84.455757,6/13/2015 6:59,3467595.138,171024.431,15.71799737,1_yr_rough,0.239601,post-burn
145,30,y,0,31.295674,-84.455779,6/13/2015 6:36,3467528.304,171020.212,16.11630264,1_yr_rough,0.510969,post-burn
146,30,y,1,31.294012,-84.456,6/13/2015 8:20,3467344.604,170993.369,10.18319736,1_yr_rough,0,post-burn
147,31,y,0,31.295895,-84.455169,6/13/2015 6:31,3467550.993,171079.119,6.572597364,1_yr_rough,3.89245,post-burn
148,31,n,0,31.295789,-84.455543,6/13/2015 6:35,3467540.341,171043.118,4.080002636,1_yr_rough,0.181522,post-burn
149,32,y,0,31.29509,-84.455894,6/13/2015 6:23,3467463.869,171007.256,10.55160263,1_yr_rough,0,post-burn
150,32,y,1,31.294874,-84.457408,6/13/2015 6:15,3467444.363,170862.231,30.05730263,1_yr_rough,0,post-burn
151,33,y,0,31.297448,-84.455317,6/13/2015 8:48,3467723.647,171070.429,4.226697363,1_yr_rough,0.789943,post-burn
152,33,y,0,31.295283,-84.455167,6/13/2015 6:28,3467483.074,171077.174,8.653397366,1_yr_rough,0.490934,post-burn
153,33,y,1,31.297964,-84.455675,6/13/2015 8:52,3467781.945,171038.101,7.475602634,1_yr_rough,19.2605,post-burn
154,34,y,0,31.295493,-84.455815,6/13/2015 6:24,3467508.352,171016.128,33.93099737,1_yr_rough,0.566323,post-burn
155,34,y,0,31.29595,-84.455323,6/13/2015 6:33,3467557.542,171064.625,13.12169736,1_yr_rough,2.1578,post-burn
156,35,y,0,31.297289,-84.455974,6/13/2015 8:46,3467707.967,171007.244,11.45350264,1_yr_rough,0.340141,post-burn
157,35,y,0,31.295996,-84.455758,6/13/2015 6:37,3467563.948,171023.344,15.47280263,1_yr_rough,0.337159,post-burn
158,35,y,0,31.29471,-84.457419,6/13/2015 7:51,3467426.262,170860.682,21.84179737,1_yr_rough,0,post-burn
159,35,y,0,31.294549,-84.4554,6/13/2015 8:11,3467402.399,171052.451,2.021602634,1_yr_rough,0,post-burn
160,35,y,0,31.293834,-84.456059,6/13/2015 8:21,3467324.984,170987.116,9.436802635,1_yr_rough,0,post-burn
161,35,y,NA,31.296648,-84.455872,6/13/2015 7:08,3467636.565,171014.769,12.85580263,1_yr_rough,0,post-burn
162,35,y,1,31.295864,-84.4556,6/13/2015 6:35,3467548.812,171037.946,4.391197365,1_yr_rough,0.236872,post-burn
163,35,y,1,31.294788,-84.455435,6/13/2015 8:12,3467428.966,171049.921,24.54509737,1_yr_rough,0,post-burn
164,35,y,1,31.29814,-84.455475,6/13/2015 8:51,3467800.861,171057.732,11.44089737,1_yr_rough,12.5881,post-burn
165,36,y,0,31.294782,-84.456401,6/13/2015 6:19,3467431.133,170957.908,26.71209737,1_yr_rough,0,post-burn
166,36,y,0,31.296886,-84.455421,6/13/2015 7:06,3467661.626,171058.516,12.20559737,1_yr_rough,0,post-burn
167,36,y,0,31.296835,-84.456137,6/13/2015 7:10,3467658.141,170990.122,8.720797364,1_yr_rough,0,post-burn
168,36,y,0,31.294029,-84.45599,6/13/2015 8:20,3467346.452,170994.359,12.03179736,1_yr_rough,0,post-burn
169,36,n,NA,31.295205,-84.457019,6/13/2015 6:17,3467479.965,170900.441,5.544597367,1_yr_rough,0,post-burn
170,36,y,1,31.297994,-84.455827,6/13/2015 8:53,3467785.767,171023.74,3.654002633,1_yr_rough,5.45244,post-burn
171,36,y,1,31.295017,-84.45757,6/13/2015 6:14,3467460.706,170847.377,13.71470263,1_yr_rough,0,post-burn
172,37,y,0,31.295824,-84.456122,6/13/2015 6:38,3467545.934,170988.042,1.513297364,1_yr_rough,0,post-burn
173,37,y,0,31.294223,-84.456798,6/13/2015 7:55,3467370.349,170918.148,34.07120263,1_yr_rough,0,post-burn
174,37,y,1,31.295412,-84.455276,6/13/2015 6:28,3467497.702,171067.178,23.28199737,1_yr_rough,1.39902,post-burn
175,37,y,1,31.29623,-84.455365,6/13/2015 7:00,3467588.666,171061.613,9.245197367,1_yr_rough,0.329145,post-burn
176,37,y,1,31.296522,-84.455705,6/13/2015 7:07,3467622.132,171030.215,27.28820264,1_yr_rough,0,post-burn
177,37,y,1,31.29681,-84.456033,6/13/2015 7:09,3467655.019,171000.021,5.598697364,1_yr_rough,0,post-burn
178,37,y,1,31.294557,-84.456613,6/13/2015 7:56,3467406.906,170936.853,2.485997366,1_yr_rough,0,post-burn
179,37,y,1,31.293469,-84.45521,6/13/2015 8:34,3467282.017,171066.752,18.84187731,1_yr_rough,0,post-burn
180,38,y,NA,31.294607,-84.455767,6/13/2015 8:07,3467409.884,171017.613,5.463897366,1_yr_rough,0,post-burn
181,38,y,1,31.295806,-84.45613,6/13/2015 6:38,3467543.98,170987.27,0.440502636,1_yr_rough,0,post-burn
182,38,y,1,31.296387,-84.455994,6/13/2015 6:56,3467608.048,171002.187,28.62709737,1_yr_rough,0,post-burn
183,39,y,0,31.298661,-84.455512,6/13/2015 8:55,3467858.807,171056.075,0.613702637,1_yr_rough,0.902189,post-burn
184,39,y,1,31.293582,-84.455451,6/13/2015 8:32,3467295.248,171044.159,31.89891234,1_yr_rough,0,post-burn
185,40,y,0,31.296131,-84.45623,6/13/2015 6:40,3467580.286,170978.897,0.865297366,1_yr_rough,0,post-burn
186,40,y,0,31.294286,-84.455636,6/13/2015 8:08,3467373.87,171029.032,30.55050263,1_yr_rough,0,post-burn
187,41,y,0,31.295865,-84.456785,6/13/2015 6:42,3467552.481,170925.04,8.060697364,1_yr_rough,0,post-burn
188,41,y,0,31.293227,-84.455364,6/13/2015 8:33,3467255.634,171051.287,7.658716186,1_yr_rough,0,post-burn
189,41,y,1,31.293982,-84.455319,6/13/2015 8:16,3467339.203,171058.12,4.782097364,1_yr_rough,0,post-burn
190,41,y,1,31.293978,-84.455475,6/13/2015 8:17,3467339.192,171043.239,4.771797365,1_yr_rough,0,post-burn
191,41,y,1,31.293766,-84.455599,6/13/2015 8:18,3467316.038,171030.692,18.38260264,1_yr_rough,0,post-burn
192,42,y,0,31.295099,-84.456052,6/13/2015 6:22,3467465.345,170992.243,9.075902633,1_yr_rough,0,post-burn
193,42,y,0,31.294638,-84.45722,6/13/2015 7:52,3467417.707,170879.407,13.28609737,1_yr_rough,0,post-burn
194,42,y,NA,31.29429,-84.456845,6/13/2015 7:55,3467377.974,170913.881,26.44650263,1_yr_rough,0,post-burn
195,43,y,0,31.294738,-84.456389,6/13/2015 6:19,3467426.239,170958.834,21.81829737,1_yr_rough,0,post-burn
196,44,y,0,31.29535,-84.455796,6/13/2015 6:23,3467492.422,171017.502,18.00129737,1_yr_rough,0.418226,post-burn
197,44,y,1,31.296532,-84.45574,6/13/2015 7:07,3467623.322,171026.949,26.09800263,1_yr_rough,0,post-burn
198,46,y,1,31.296343,-84.455916,6/13/2015 6:56,3467602.901,171009.511,23.48029737,1_yr_rough,0,post-burn
199,47,n,NA,31.296588,-84.456207,6/13/2015 7:22,3467630.913,170982.596,18.50710263,1_yr_rough,0,post-burn
200,47,y,NA,31.294028,-84.456261,6/13/2015 8:21,3467347.111,170968.575,12.69029737,1_yr_rough,0,post-burn
201,48,y,0,31.294279,-84.455581,6/13/2015 8:09,3467372.967,171034.228,31.45340263,1_yr_rough,0,post-burn
202,56,y,1,31.293779,-84.455242,6/13/2015 8:15,3467316.426,171064.808,17.99430264,1_yr_rough,0,post-burn
203,60,n,NA,31.295338,-84.456261,6/13/2015 6:21,3467492.432,170973.187,18.01169737,1_yr_rough,0,post-burn
204,62,y,1,31.296328,-84.456181,6/13/2015 6:55,3467601.972,170984.161,22.55179737,1_yr_rough,0,post-burn
205,5,y,1,31.291837,-84.462703,6/12/2015 12:19,3467123.31,170347.325,1.110602636,2_yr_rough,0,post-burn
206,6,y,0,31.293083,-84.462774,6/13/2015 5:12,3467261.779,170344.899,2.641102634,2_yr_rough,0.278397,post-burn
207,6,y,0,31.291254,-84.462644,6/12/2015 11:04,3467058.519,170350.935,4.098897364,2_yr_rough,0,post-burn
208,6,n,NA,31.290748,-84.461383,6/12/2015 10:25,3466998.564,170469.229,14.14399737,2_yr_rough,0,post-burn
209,6,y,NA,31.291818,-84.461425,6/12/2015 11:54,3467117.48,170468.966,6.940802636,2_yr_rough,0,post-burn
210,7,y,0,31.292467,-84.463598,6/12/2015 12:32,3467195.935,170264.273,1.514597362,2_yr_rough,0.139983,post-burn
211,7,y,0,31.291199,-84.463144,6/12/2015 10:59,3467053.944,170303.086,0.476302635,2_yr_rough,0,post-burn
212,7,y,0,31.291239,-84.46254,6/12/2015 11:05,3467056.574,170360.767,2.153197365,2_yr_rough,0,post-burn
213,9,y,0,31.294015,-84.459257,6/13/2015 4:21,3467354.6,170683.127,20.08870823,2_yr_rough,0,post-burn
214,9,y,NA,31.291843,-84.462685,6/12/2015 12:19,3467123.933,170349.019,0.487102635,2_yr_rough,0,post-burn
215,14,y,1,31.293009,-84.459467,6/13/2015 5:42,3467243.66,170659.618,20.76030263,2_yr_rough,0,post-burn
216,15,y,1,31.293208,-84.461703,6/13/2015 5:20,3467272.497,170447.399,8.076597366,2_yr_rough,0,post-burn
217,17,y,0,31.292489,-84.462566,6/12/2015 12:47,3467195.29,170362.639,0.869197363,2_yr_rough,0.0301121,post-burn
218,20,y,1,31.294002,-84.45918,6/13/2015 4:19,3467352.962,170690.409,18.47066566,2_yr_rough,0,post-burn
219,24,y,0,31.289841,-84.462566,6/12/2015 9:53,3466901.516,170353.408,12.90480264,2_yr_rough,0,post-burn
220,26,y,1,31.290482,-84.462674,6/12/2015 10:53,3466972.993,170345.337,11.42700263,2_yr_rough,0,post-burn
221,26,y,1,31.291505,-84.462648,6/12/2015 11:03,3467086.357,170351.427,31.93609736,2_yr_rough,0,post-burn
222,27,y,0,31.28987,-84.462033,6/12/2015 10:20,3466903.22,170404.254,11.20050264,2_yr_rough,0,post-burn
223,27,y,1,31.289682,-84.462236,6/12/2015 10:17,3466882.976,170384.332,31.44480264,2_yr_rough,0,post-burn
224,28,y,0,31.293263,-84.460205,6/13/2015 5:30,3467274.074,170590.214,9.653997365,2_yr_rough,0,post-burn
225,29,y,1,31.290472,-84.46279,6/12/2015 10:55,3466972.201,170334.29,12.21900263,2_yr_rough,0,post-burn
226,31,y,1,31.28942,-84.462281,6/12/2015 9:29,3466853.946,170379.056,9.525397364,2_yr_rough,0,post-burn
227,32,y,0,31.292607,-84.462356,6/12/2015 12:50,3467207.761,170383.045,13.34069736,2_yr_rough,0,post-burn
228,32,y,1,31.290179,-84.462603,6/12/2015 9:49,3466939.144,170351.107,24.72339736,2_yr_rough,0,post-burn
229,32,y,1,31.291903,-84.463,6/12/2015 12:23,3467131.627,170319.255,7.206897365,2_yr_rough,0,post-burn
230,33,y,0,31.292907,-84.46333,6/13/2015 5:05,3467243.963,170291.313,20.45750263,2_yr_rough,2.71401,post-burn
231,33,y,0,31.290687,-84.461419,6/12/2015 10:27,3466991.951,170465.614,7.530197367,2_yr_rough,0,post-burn
232,33,y,0,31.291396,-84.462499,6/12/2015 11:07,3467073.869,170365.204,19.44829736,2_yr_rough,0,post-burn
233,33,y,1,31.292245,-84.463605,6/12/2015 12:34,3467171.354,170262.876,23.06690264,2_yr_rough,0.156174,post-burn
234,33,y,1,31.293793,-84.459842,6/13/2015 4:31,3467331.808,170626.673,2.856708337,2_yr_rough,0,post-burn
235,33,y,1,31.290551,-84.462007,6/12/2015 10:33,3466978.61,170409.11,5.810702633,2_yr_rough,0,post-burn
236,34,y,0,31.293571,-84.460253,6/13/2015 4:57,3467308.419,170586.763,26.69064759,2_yr_rough,0,post-burn
237,34,y,0,31.291191,-84.462165,6/12/2015 11:11,3467050.12,170396.355,4.300002636,2_yr_rough,0,post-burn
238,34,y,1,31.292258,-84.463324,6/12/2015 12:38,3467171.925,170289.653,22.49530264,2_yr_rough,0.144142,post-burn
239,34,y,1,31.292737,-84.462767,6/12/2015 12:45,3467223.396,170344.376,28.97559736,2_yr_rough,0.303746,post-burn
240,34,y,1,31.292591,-84.460913,6/12/2015 13:01,3467201.675,170520.428,7.254797362,2_yr_rough,0,post-burn
241,34,y,1,31.291192,-84.461511,6/12/2015 11:17,3467048.25,170458.627,6.170802636,2_yr_rough,0,post-burn
242,34,y,1,31.291872,-84.460728,6/12/2015 11:45,3467121.293,170535.591,3.127102636,2_yr_rough,0,post-burn
243,35,y,0,31.290072,-84.462507,6/12/2015 9:55,3466927.002,170359.84,12.58209736,2_yr_rough,0,post-burn
244,35,y,0,31.292048,-84.462427,6/12/2015 12:17,3467145.975,170374.312,21.55489736,2_yr_rough,0,post-burn
245,35,y,1,31.2927,-84.462007,6/12/2015 12:57,3467216.987,170416.603,22.56639736,2_yr_rough,0,post-burn
246,36,y,0,31.292444,-84.46315,6/12/2015 12:41,3467192.036,170306.892,2.384802638,2_yr_rough,0.139973,post-burn
247,36,y,NA,31.290969,-84.461716,6/12/2015 10:31,3467024.175,170438.301,30.24510264,2_yr_rough,0,post-burn
248,36,y,1,31.292406,-84.463351,6/12/2015 12:37,3467188.39,170287.623,6.030302638,2_yr_rough,0.0483784,post-burn
249,36,y,1,31.29318,-84.460881,6/13/2015 5:23,3467266.846,170525.543,2.425997367,2_yr_rough,0,post-burn
250,37,y,0,31.289997,-84.46271,6/12/2015 9:46,3466919.306,170340.282,4.885297364,2_yr_rough,0,post-burn
251,37,y,0,31.291495,-84.461534,6/12/2015 11:15,3467081.943,170457.447,27.52239736,2_yr_rough,0,post-burn
252,37,y,1,31.292348,-84.46087,6/12/2015 13:05,3467174.557,170523.749,19.86340264,2_yr_rough,0,post-burn
253,37,y,1,31.290272,-84.462717,6/12/2015 9:50,3466949.759,170340.515,34.66140263,2_yr_rough,0,post-burn
254,38,y,0,31.292358,-84.460429,6/12/2015 13:08,3467174.352,170565.729,20.06860264,2_yr_rough,0,post-burn
255,38,y,0,31.293053,-84.462418,6/13/2015 5:16,3467257.43,170378.698,6.990502633,2_yr_rough,0.0344575,post-burn
256,38,y,0,31.291054,-84.461024,6/12/2015 11:26,3467031.504,170504.555,22.91680264,2_yr_rough,0,post-burn
257,38,y,0,31.291906,-84.462995,6/12/2015 12:23,3467131.849,170319.73,7.428297365,2_yr_rough,0,post-burn
258,38,y,1,31.290645,-84.462183,6/12/2015 10:35,3466989.542,170392.751,5.121897366,2_yr_rough,0,post-burn
259,38,y,1,31.291609,-84.461532,6/12/2015 11:56,3467094.523,170458.044,29.89780264,2_yr_rough,0,post-burn
260,38,y,1,31.291938,-84.462844,6/12/2015 12:21,3467135.046,170334.228,10.62569737,2_yr_rough,0,post-burn
261,38,y,1,31.291701,-84.46295,6/12/2015 12:27,3467109.041,170323.37,15.37960264,2_yr_rough,0,post-burn
262,39,y,0,31.292732,-84.461005,6/12/2015 13:02,3467217.613,170512.178,23.19209736,2_yr_rough,0,post-burn
263,39,y,1,31.293098,-84.460457,6/13/2015 5:27,3467256.486,170565.636,7.934702633,2_yr_rough,0,post-burn
264,40,y,0,31.292131,-84.461344,6/12/2015 11:50,3467151.867,170477.846,27.44699737,2_yr_rough,0,post-burn
265,41,y,1,31.293058,-84.462944,6/13/2015 5:08,3467259.519,170328.626,4.901502633,2_yr_rough,0.0370511,post-burn
266,41,y,1,31.293239,-84.460411,6/13/2015 5:28,3467272.025,170570.537,7.604597365,2_yr_rough,0,post-burn
267,43,y,0,31.291878,-84.461304,6/12/2015 11:52,3467123.774,170480.716,0.646302635,2_yr_rough,0,post-burn
268,43,y,NA,31.289406,-84.462757,6/12/2015 9:42,3466853.896,170333.725,9.475397365,2_yr_rough,0,post-burn
269,44,y,0,31.292418,-84.462094,6/12/2015 12:55,3467185.939,170407.339,8.481302638,2_yr_rough,0,post-burn
270,45,y,0,31.293834,-84.459454,6/13/2015 4:28,3467335.108,170663.739,0.54462587,2_yr_rough,0,post-burn
271,46,y,1,31.289368,-84.462457,6/12/2015 9:34,3466848.791,170362.173,4.370497364,2_yr_rough,0,post-burn
272,48,y,NA,31.291149,-84.461219,6/12/2015 11:22,3467042.6,170486.257,11.82070263,2_yr_rough,0,post-burn
273,52,y,0,31.292599,-84.462253,6/12/2015 12:52,3467206.527,170392.816,12.10689736,2_yr_rough,0,post-burn
274,54,y,0,31.29195,-84.461615,6/12/2015 11:58,3467132.627,170451.344,8.207097365,2_yr_rough,0,post-burn
275,5,y,1,31.255625,-84.381378,6/12/2015 5:37,3462866.138,177970.517,6.600943255,Fourth_July_Block,7.02817,post-burn
276,6,y,1,31.25556,-84.379004,6/12/2015 6:08,3462852.043,178196.593,3.846755102,Fourth_July_Block,0,post-burn
277,7,y,1,31.259931,-84.381611,6/11/2015 14:13,3463344.455,177963.033,13.45385964,Fourth_July_Block,18.5484,post-burn
278,11,y,1,31.255503,-84.381259,6/12/2015 5:42,3462852.309,177981.466,7.049719221,Fourth_July_Block,16.936,post-burn
279,12,y,1,31.255587,-84.38141,6/12/2015 5:34,3462862.059,177967.355,2.471685826,Fourth_July_Block,1.88117,post-burn
280,17,y,0,31.255335,-84.378735,6/12/2015 6:10,3462826.31,178221.419,29.1756109,Fourth_July_Block,0,post-burn
281,18,y,0,31.255203,-84.382202,6/12/2015 5:26,3462821.787,177890.585,39.03242238,Fourth_July_Block,3.02826,post-burn
282,19,y,0,31.256761,-84.380913,6/10/2015 14:21,3462990.795,178018.693,1.455540717,Fourth_July_Block,0,post-burn
283,19,y,1,31.258978,-84.37942,6/11/2015 15:11,3463232.33,178168.578,26.92793557,Fourth_July_Block,0.482587,post-burn
284,21,y,1,31.255376,-84.383035,6/12/2015 5:19,3462843.359,177811.83,18.73368794,Fourth_July_Block,0,post-burn
285,23,y,0,31.255493,-84.378289,6/12/2015 6:16,3462842.515,178264.504,12.27801648,Fourth_July_Block,0,post-burn
286,26,y,0,31.2599,-84.381018,6/11/2015 13:55,3463339.312,178019.398,5.107802637,Fourth_July_Block,22.3741,post-burn
287,26,y,0,31.259912,-84.381206,6/11/2015 14:02,3463341.132,178001.568,3.287002638,Fourth_July_Block,34.4729,post-burn
288,26,y,0,31.258111,-84.380227,6/12/2015 6:32,3463138.539,178088.716,4.262202893,Fourth_July_Block,10.1992,post-burn
289,26,y,0,31.256017,-84.383093,6/10/2015 14:49,3462914.696,177808.458,9.784052944,Fourth_July_Block,0,post-burn
290,26,y,0,31.256248,-84.381647,6/10/2015 14:55,3462936.048,177947.003,11.58613717,Fourth_July_Block,1.31875,post-burn
291,29,y,1,31.256448,-84.379436,6/10/2015 15:21,3462951.757,178158.423,27.32112198,Fourth_July_Block,0,post-burn
292,30,y,0,31.255496,-84.38016,6/12/2015 5:55,3462848.25,178086.17,9.419530498,Fourth_July_Block,0.784468,post-burn
293,31,y,0,31.255487,-84.3805,6/12/2015 5:51,3462848.244,178053.791,9.947622161,Fourth_July_Block,1.20089,post-burn
294,32,y,0,31.258623,-84.379058,6/11/2015 15:14,3463191.875,178201.813,13.27979424,Fourth_July_Block,0,post-burn
295,32,y,0,31.258003,-84.380819,6/12/2015 6:58,3463128.285,178031.891,5.952960043,Fourth_July_Block,0.169752,post-burn
296,32,y,1,31.257511,-84.380362,6/12/2015 7:43,3463072.434,178073.801,8.014097365,Fourth_July_Block,0.38319,post-burn
297,33,y,0,31.258306,-84.379276,6/12/2015 6:29,3463157.402,178179.987,23.06348272,Fourth_July_Block,0.406035,post-burn
298,33,y,1,31.255139,-84.37879,6/12/2015 4:54,3462804.697,178215.481,19.7007808,Fourth_July_Block,0,post-burn
299,34,y,0,31.256799,-84.381611,6/10/2015 14:26,3462997.011,177952.389,5.284732675,Fourth_July_Block,0,post-burn
300,34,y,0,31.256071,-84.37972,6/10/2015 15:14,3462910.834,178130.085,13.60491422,Fourth_July_Block,0,post-burn
301,34,y,0,31.255134,-84.379662,6/12/2015 5:08,3462806.661,178132.451,20.9780354,Fourth_July_Block,0,post-burn
302,34,y,1,31.259631,-84.379022,6/11/2015 13:23,3463303.626,178208.675,40.79340264,Fourth_July_Block,0.895631,post-burn
303,34,y,1,31.256349,-84.381684,6/10/2015 14:58,3462947.385,177943.904,22.92285031,Fourth_July_Block,0.250703,post-burn
304,35,y,0,31.258076,-84.380499,6/12/2015 6:35,3463135.47,178062.662,1.211263565,Fourth_July_Block,11.2826,post-burn
305,35,y,0,31.258073,-84.380496,6/12/2015 6:36,3463135.097,178062.89,0.837707758,Fourth_July_Block,11.311,post-burn
306,35,y,0,31.257645,-84.383018,6/12/2015 7:26,3463094.974,177821.158,30.55469736,Fourth_July_Block,5.8251,post-burn
307,35,y,0,31.25677,-84.379996,6/10/2015 14:15,3462989.107,178106.108,3.834218744,Fourth_July_Block,0,post-burn
308,35,y,0,31.255816,-84.378418,6/12/2015 6:13,3462878.671,178253.26,23.69179008,Fourth_July_Block,0,post-burn
309,35,y,1,31.256017,-84.381176,6/10/2015 15:02,3462909.016,177991.189,15.4408483,Fourth_July_Block,6.92599,post-burn
310,35,y,1,31.255449,-84.382883,6/12/2015 5:22,3462851.086,177826.554,10.770081,Fourth_July_Block,0,post-burn
311,36,y,0,31.26017,-84.378214,6/11/2015 13:14,3463361.051,178287.459,16.63169736,Fourth_July_Block,0.252634,post-burn
312,36,y,0,31.258155,-84.378803,6/12/2015 6:25,3463139.235,178224.542,4.865515711,Fourth_July_Block,0,post-burn
313,36,y,0,31.257559,-84.378453,6/12/2015 7:57,3463072.136,178255.849,7.716997365,Fourth_July_Block,0,post-burn
314,36,y,0,31.257038,-84.381687,6/10/2015 14:31,3463023.826,177945.894,32.14943242,Fourth_July_Block,0,post-burn
315,36,y,0,31.256548,-84.382799,6/10/2015 14:39,3462972.701,177838.325,18.1234495,Fourth_July_Block,0.552313,post-burn
316,36,y,0,31.256181,-84.379276,6/10/2015 15:19,3462921.686,178172.713,2.748194459,Fourth_July_Block,0,post-burn
317,36,y,0,31.25547,-84.380132,6/12/2015 5:59,3462845.3,178088.76,12.32778548,Fourth_July_Block,0.892484,post-burn
318,36,y,1,31.258732,-84.38314,6/11/2015 14:31,3463215.921,177813.231,7.883827394,Fourth_July_Block,1.00246,post-burn
319,36,y,1,31.25881,-84.380074,6/11/2015 15:05,3463215.637,178105.615,9.767900387,Fourth_July_Block,0.360645,post-burn
320,36,y,1,31.258287,-84.381735,6/12/2015 7:10,3463162.424,177945.625,28.24453599,Fourth_July_Block,0,post-burn
321,36,y,1,31.255804,-84.381384,6/12/2015 5:30,3462886.03,177970.616,26.49244542,Fourth_July_Block,10.9268,post-burn
322,37,y,0,31.260061,-84.379176,6/11/2015 13:28,3463351.758,178195.495,7.338997362,Fourth_July_Block,0.503343,post-burn
323,37,y,0,31.258619,-84.379058,6/11/2015 15:14,3463191.425,178201.828,13.72977211,Fourth_July_Block,0,post-burn
324,37,y,0,31.258333,-84.381573,6/12/2015 7:05,3463167.116,177961.207,32.92681359,Fourth_July_Block,0.529153,post-burn
325,37,y,0,31.255584,-84.380468,6/12/2015 5:52,3462858.925,178057.114,0.785884199,Fourth_July_Block,1.07289,post-burn
326,37,y,NA,31.257363,-84.382355,6/12/2015 7:35,3463061.764,177883.365,2.655102635,Fourth_July_Block,0.272124,post-burn
327,37,y,1,31.259719,-84.379432,6/11/2015 13:33,3463314.614,178169.92,29.80500264,Fourth_July_Block,2.20789,post-burn
328,37,y,1,31.258447,-84.381896,6/11/2015 14:48,3463180.725,177930.774,26.43957067,Fourth_July_Block,0,post-burn
329,37,y,1,31.25664,-84.378707,6/10/2015 14:07,3462970.929,178228.563,22.97973901,Fourth_July_Block,0,post-burn
330,38,y,0,31.257454,-84.378816,6/12/2015 7:52,3463061.581,178220.913,2.838502636,Fourth_July_Block,0,post-burn
331,38,y,1,31.259448,-84.379109,6/11/2015 13:26,3463283.613,178199.721,60.80690264,Fourth_July_Block,0,post-burn
332,38,y,1,31.255261,-84.379456,6/12/2015 5:03,3462820.186,178152.455,34.66818293,Fourth_July_Block,0,post-burn
333,39,y,0,31.255795,-84.379782,6/10/2015 15:09,3462880.341,178123.205,23.26395593,Fourth_July_Block,0,post-burn
334,39,y,0,31.255064,-84.379045,6/12/2015 4:59,3462797.086,178191.007,11.88716118,Fourth_July_Block,0,post-burn
335,39,y,1,31.260085,-84.378419,6/11/2015 13:18,3463352.265,178267.696,7.845597362,Fourth_July_Block,0.137709,post-burn
336,40,y,0,31.259789,-84.379888,6/11/2015 13:44,3463323.653,178126.723,20.76640264,Fourth_July_Block,3.26837,post-burn
337,40,y,0,31.259486,-84.380015,6/11/2015 13:45,3463290.441,178113.59,53.97800264,Fourth_July_Block,7.11294,post-burn
338,40,y,0,31.259053,-84.380951,6/11/2015 14:57,3463245.088,178022.902,38.60503007,Fourth_July_Block,6.04901,post-burn
339,40,y,0,31.2581,-84.382697,6/12/2015 7:21,3463144.582,177853.267,10.46549709,Fourth_July_Block,0.868775,post-burn
340,40,y,0,31.257311,-84.38269,6/12/2015 7:32,3463056.998,177851.272,7.421002636,Fourth_July_Block,1.86814,post-burn
341,40,y,0,31.255642,-84.379042,6/12/2015 6:06,3462861.229,178193.26,5.284515441,Fourth_July_Block,0,post-burn
342,40,y,1,31.259998,-84.379507,6/11/2015 13:36,3463345.724,178163.681,1.304097362,Fourth_July_Block,2.57432,post-burn
343,40,y,1,31.258852,-84.381562,6/11/2015 14:52,3463224.572,177964.047,17.65325748,Fourth_July_Block,1.0953,post-burn
344,40,y,1,31.256028,-84.378568,6/10/2015 15:27,3462902.62,178239.736,21.80612985,Fourth_July_Block,0,post-burn
345,41,y,0,31.258321,-84.382998,6/11/2015 14:28,3463169.934,177825.36,35.83711352,Fourth_July_Block,1.45748,post-burn
346,41,y,0,31.258564,-84.380551,6/11/2015 15:02,3463189.68,178059.318,16.53080303,Fourth_July_Block,1.34134,post-burn
347,41,y,1,31.259998,-84.381666,6/11/2015 14:17,3463352.092,177958.009,20.00774901,Fourth_July_Block,18.4776,post-burn
348,41,y,1,31.260089,-84.381399,6/11/2015 14:20,3463361.409,177983.724,16.98939736,Fourth_July_Block,19.9686,post-burn
349,44,y,0,31.259966,-84.380627,6/11/2015 13:50,3463345.45,178056.842,1.030297363,Fourth_July_Block,38.1318,post-burn
350,44,y,0,31.257219,-84.381054,6/12/2015 7:40,3463042.011,178006.86,22.40830264,Fourth_July_Block,0,post-burn
351,45,y,0,31.258481,-84.382444,6/11/2015 14:36,3463186.021,177878.714,21.52956568,Fourth_July_Block,0,post-burn
352,45,y,0,31.257291,-84.379314,6/12/2015 7:49,3463044.938,178172.914,19.48150264,Fourth_July_Block,0,post-burn
353,47,y,1,31.258638,-84.379373,6/11/2015 15:08,3463194.518,178171.879,10.85894265,Fourth_July_Block,0.170576,post-burn
354,47,y,1,31.258009,-84.382189,6/12/2015 7:14,3463132.944,177901.409,1.205116748,Fourth_July_Block,0,post-burn
355,48,y,1,31.257114,-84.378675,6/12/2015 7:55,3463023.406,178233.15,29.45946369,Fourth_July_Block,0,post-burn
356,53,y,1,31.257553,-84.379425,6/12/2015 7:46,3463074.28,178163.204,9.860597365,Fourth_July_Block,0.183745,post-burn
357,28,n,2,31.263943,-84.468835,6/23/2015 23:27,3464047.573,169665.868,3.153005199,not_burned,15.91523933,post-burn
358,35,n,2,31.263087,-84.466801,6/23/2015 23:12,3463946.537,169856.653,27.88269823,not_burned,22.1383667,post-burn
359,35,n,2,31.263304,-84.468554,6/23/2015 23:19,3463975.919,169690.376,1.49928806,not_burned,17.14675713,post-burn
360,36,n,2,31.26305,-84.465633,6/23/2015 23:08,3463938.925,169967.792,34.50484467,not_burned,31.91108704,post-burn
361,21,n,2,31.262684,-84.466405,6/23/2015 22:59,3463900.671,169893.039,3.100272087,not_burned,26.75649643,post-burn
362,30,n,2,31.262429,-84.465675,6/23/2015 3:49,3463870.244,169961.655,34.17613531,not_burned,23.38297081,post-burn
363,4,n,2,31.262412,-84.465693,6/23/2015 3:49,3463868.364,169959.855,36.05591456,not_burned,22.39022827,post-burn
364,15,n,2,31.262063,-84.465502,6/23/2015 3:57,3463829.11,169976.889,1.140920053,not_burned,17.47841835,post-burn
365,25,n,2,31.262005,-84.466348,6/23/2015 4:00,3463825.225,169896.04,9.153712812,not_burned,19.71290398,post-burn
366,24,n,2,31.261994,-84.467199,6/23/2015 4:03,3463826.49,169814.894,9.55008914,not_burned,14.28650379,post-burn
367,30,n,2,31.261811,-84.467027,6/23/2015 4:06,3463805.696,169830.644,7.347453286,not_burned,14.44612312,post-burn
368,36,n,2,31.261706,-84.465938,6/23/2015 4:16,3463790.812,169934.044,6.614811994,not_burned,17.46516609,post-burn
369,34,n,2,31.261749,-84.465217,6/23/2015 4:17,3463793.361,170002.94,5.666016163,not_burned,15.17780972,post-burn
370,32,n,2,31.261183,-84.465464,6/23/2015 4:34,3463731.347,169977.414,7.566918754,not_burned,11.73804092,post-burn
371,44,n,2,31.26082,-84.466446,6/23/2015 4:31,3463694.1,169882.592,2.576507862,not_burned,16.7348671,post-burn
372,37,n,2,31.260789,-84.466434,6/23/2015 4:31,3463690.602,169883.579,0.93921021,not_burned,15.98645496,post-burn
373,37,n,2,31.260941,-84.465304,6/23/2015 4:41,3463704.086,169991.875,8.782064313,not_burned,13.786726,post-burn
374,44,n,2,31.260573,-84.466185,6/23/2015 4:44,3463665.841,169906.616,27.42582037,not_burned,12.5118084,post-burn
375,39,n,2,31.260771,-84.466599,6/23/2015 4:46,3463689.092,169867.868,2.168208863,not_burned,20.82908821,post-burn
376,16,n,2,31.260597,-84.465037,6/23/2015 22:42,3463665.13,170016.073,32.22112394,not_burned,14.56968212,post-burn
377,6,n,2,31.260512,-84.46618,6/23/2015 22:46,3463659.035,169906.893,32.23815778,not_burned,12.07785225,post-burn
378,31,n,2,31.260573,-84.466546,6/23/2015 22:49,3463666.93,169872.242,24.4045523,not_burned,12.66970634,post-burn
379,38,n,2,31.260375,-84.466391,6/23/2015 22:48,3463644.508,169886.31,22.23804236,not_burned,11.60671425,post-burn
380,27,n,2,31.260005,-84.465603,6/23/2015 22:23,3463601.155,169960.064,11.60053802,not_burned,15.72388649,post-burn
381,42,n,2,31.259943,-84.465646,6/23/2015 22:23,3463594.33,169955.761,4.889339036,not_burned,16.514328,post-burn
382,38,n,2,31.259982,-84.46605,6/23/2015 22:26,3463599.854,169917.394,10.00789659,not_burned,14.85148048,post-burn
383,37,n,2,31.260211,-84.465974,6/23/2015 22:29,3463625.096,169925.485,3.149180737,not_burned,13.51975441,post-burn
384,43,n,2,31.260222,-84.465638,6/23/2015 22:30,3463625.281,169957.522,4.22745695,not_burned,14.92426968,post-burn
385,37,n,2,31.259794,-84.465834,6/23/2015 22:24,3463578.425,169937.314,11.36752271,not_burned,16.504179,post-burn
386,47,n,2,31.259832,-84.465897,6/23/2015 22:24,3463582.803,169931.478,7.102212834,not_burned,16.55783272,post-burn
387,35,n,2,31.259431,-84.464752,6/23/2015 22:16,3463534.9,170039.145,14.95628937,not_burned,13.16183853,post-burn
388,34,n,2,31.258899,-84.46493,6/23/2015 22:06,3463476.41,170020.319,43.93134828,not_burned,8.857462883,post-burn
389,38,n,2,31.258864,-84.464913,6/23/2015 22:06,3463472.539,170021.871,47.87534813,not_burned,8.715894699,post-burn
390,28,n,2,31.258599,-84.464541,6/23/2015 22:01,3463441.985,170056.343,27.56533821,not_burned,9.711977959,post-burn
391,34,n,2,31.258579,-84.464805,6/23/2015 22:03,3463440.498,170031.12,26.07837953,not_burned,7.682723045,post-burn
392,42,n,2,31.258635,-84.464938,6/23/2015 22:04,3463447.161,170018.679,34.20495965,not_burned,5.060534954,post-burn
393,35,n,2,31.258411,-84.464688,6/23/2015 21:57,3463421.517,170041.723,7.097673506,not_burned,9.731679916,post-burn
394,32,n,2,31.258259,-84.464283,6/23/2015 21:58,3463403.493,170079.783,10.92691866,not_burned,6.212608814,post-burn
395,35,n,2,31.258048,-84.464298,6/23/2015 21:55,3463380.134,170077.57,0.714599873,not_burned,5.535960197,post-burn
396,45,n,2,31.258069,-84.464476,6/23/2015 21:56,3463383.013,170060.75,3.593183756,not_burned,5.657195568,post-burn
